nomebusca;url;coordenadas
12 calle entre 6 y 7 avenida Puerto Barrios, Izabal Izabal, IZAGuatemalaPUERTO BARRIOS;https://www.google.com.br/maps/search/12+calle+entre+6+y+7+avenida+Puerto+Barrios,+Izabal+Izabal,+IZAGuatemalaPUERTO+BARRIOS/@15.7098743,-88.6360182,13z?entry=ttu;15.7098743,-88.6360182,13
Calzada Guatemala km 381.5 salida a Flores, PoptÃºn, PetÃ©n PetÃ©n, PETGuatemalaPOPTÃšN;https://www.google.com.br/maps/search/Calzada+Guatemala+km+381.5+salida+a+Flores,+Popt%C3%83%C2%BAn,+Pet%C3%83%C2%A9n+Pet%C3%83%C2%A9n,+PETGuatemalaPOPT%C3%83%C5%A1N/@14.5930324,-90.5905083,12z/data=!3m1!4b1?entry=ttu;14.5930324,-90.5905083,12
20 Calle 12-84 Zona 10 Plaza Ferco Guatemala, GTGuatemalaCIUDAD DE GUATEMALA;https://www.google.com.br/maps/place/Ferco+%7C+20+calle/@14.58875,-90.5101527,17z/data=!4m6!3m5!1s0x8589a3c01f49a2f3:0x49e395822ab51aeb!8m2!3d14.58875!4d-90.5075778!16s%2Fg%2F11b66hc4mx?entry=ttu;14.58875,-90.5101527
20 Calle 12-84 Zona 10, Guatemala, GuatemalaGuatemalaCIUDAD DE GUATEMALA;https://www.google.com.br/maps/place/20+Calle+12-84,+Ciudad+de+Guatemala+01010,+Guatemala/@14.5887534,-90.5101603,17z/data=!4m6!3m5!1s0x8589a3c01b13458b:0x283b7c511a2628ca!8m2!3d14.5887534!4d-90.5075854!16s%2Fg%2F11h_wzfvyv?entry=ttu;14.5887534,-90.5101603
28 Av. 6-60 Parque Comercial Majadas zona 11, Guatemala, GTGuatemalaCIUDAD DE GUATEMALA;https://www.google.com.br/maps/search/28+Av.+6-60+Parque+Comercial+Majadas+zona+11,+Guatemala,+GTGuatemalaCIUDAD+DE+GUATEMALA/@14.6219879,-90.5630782,17z/data=!3m1!4b1?entry=ttu;14.6219879,-90.5630782
Km. 16.3 Carretera a El Salvador, Santa Catarina Pinula Guatemala, GTGuatemalaSANTA CATARINA PINULA;https://www.google.com.br/maps/search/Km.+16.3+Carretera+a+El+Salvador,+Santa+Catarina+Pinula+Guatemala,+GTGuatemalaSANTA+CATARINA+PINULA/@14.5709527,-90.4860526,17z/data=!3m1!4b1?entry=ttu;14.5709527,-90.4860526
Calzada Roosevelt 34-94 zona 7, Guatemala, GTGuatemalaCIUDAD DE GUATEMALA;https://www.google.com.br/maps/search/Calzada+Roosevelt+34-94+zona+7,+Guatemala,+GTGuatemalaCIUDAD+DE+GUATEMALA/@14.5709419,-90.5246778,13z/data=!3m1!4b1?entry=ttu;14.5709419,-90.5246778,13
Km 16.3 Carretera a El Salvador en direcciÃ³n a Ciudad de Guatemala Guatemala, GuatemalaGuatemalaCIUDAD DE GUATEMALA;https://www.google.com.br/maps/search/Km+16.3+Carretera+a+El+Salvador+en+direcci%C3%83%C2%B3n+a+Ciudad+de+Guatemala+Guatemala,+GuatemalaGuatemalaCIUDAD+DE+GUATEMALA/@14.5716968,-90.4882396,17z/data=!3m1!4b1?entry=ttu;14.5716968,-90.4882396
Avenida Vicente Cotza, entrada barrio El remolino morales Izabal Izabal, MoralesGuatemalaMORALES;https://www.google.com.br/maps/place/Morales+izabal/@14.7637392,-90.1052929,17z/data=!4m6!3m5!1s0x8589e5fbc88e1f5b:0x8d68fc8241c27097!8m2!3d14.7637392!4d-90.102718!16s%2Fg%2F11tjw5nvk6?entry=ttu;14.7637392,-90.1052929
Avenida Francisco Archila 6-57 zona 6, Barrio El Porvenir, San Benito, PetÃ©n San Benito, PETGuatemalaSAN BENITO;https://www.google.com.br/maps/search/Avenida+Francisco+Archila+6-57+zona+6,+Barrio+El+Porvenir,+San+Benito,+Pet%C3%83%C2%A9n+San+Benito,+PETGuatemalaSAN+BENITO/@14.6752748,-90.5260384,13z?entry=ttu;14.6752748,-90.5260384,13
Calzada HÃ©ctor Augusto EspaÃ±a Bracamonte, km 167.5 Chiquimula, CHIQGuatemalaCHIQUIMULA;https://www.google.com.br/maps/dir/Calzada+H%C3%83%C2%A9ctor+Augusto+Espa%C3%83+%C2%B1+a+Bracamonte/167.5+Chiquimula,+CHIQGuatemalaCHIQUIMULA/@14.6752748,-90.5260384,13z/data=!3m1!4b1?entry=ttu;14.6752748,-90.5260384,13
2a calle 16-68, zona 3, CobÃ¡n, Alta Verapaz CobÃ¡n, Alta verapazGuatemalaCOBAN;https://www.google.com.br/maps/dir/Calzada+H%C3%83%C2%A9ctor+Augusto+Espa%C3%83+%C2%B1+a+Bracamonte/167.5+Chiquimula,+CHIQGuatemalaCHIQUIMULA/@14.6752748,-90.5260384,13z/data=!3m1!4b1?entry=ttu;14.6752748,-90.5260384,13
Km 184, CA-14, Tactic, Alta Verapaz, Ruta principal Antiguas instalaciones de VERALAC Tactic, Alta VerapazGuatemalaTACTIC;https://www.google.com.br/maps/dir/Calzada+H%C3%83%C2%A9ctor+Augusto+Espa%C3%83+%C2%B1+a+Bracamonte/167.5+Chiquimula,+CHIQGuatemalaCHIQUIMULA/@14.6752748,-90.5260384,13z/data=!3m1!4b1?entry=ttu;14.6752748,-90.5260384,13
Carretera Interamericana km 117 Jutiapa, Jutiapa, JUTGuatemalaJUTIAPA;https://www.google.com.br/maps/dir/Calzada+H%C3%83%C2%A9ctor+Augusto+Espa%C3%83+%C2%B1+a+Bracamonte/167.5+Chiquimula,+CHIQGuatemalaCHIQUIMULA/@14.6752748,-90.5260384,13z/data=!3m1!4b1?entry=ttu;14.6752748,-90.5260384,13
3 calle 2-22 zona 1, Santa Cruz Barillas, Huehuetenango , HUEGuatemalaHUEHUETENANGO;https://www.google.com.br/maps/dir/Calzada+H%C3%83%C2%A9ctor+Augusto+Espa%C3%83+%C2%B1+a+Bracamonte/167.5+Chiquimula,+CHIQGuatemalaCHIQUIMULA/@14.6752748,-90.5260384,13z/data=!3m1!4b1?entry=ttu;14.6752748,-90.5260384,13
Aldea el TablÃ³n, caserÃ­o central, sector la capilla a 100 mts de autorespuestos YaxÃ³n. SololÃ¡GuatemalaSOLOLÃ;https://www.google.com.br/maps/dir/Calzada+H%C3%83%C2%A9ctor+Augusto+Espa%C3%83+%C2%B1+a+Bracamonte/167.5+Chiquimula,+CHIQGuatemalaCHIQUIMULA/@14.6752748,-90.5260384,13z/data=!3m1!4b1?entry=ttu;14.6752748,-90.5260384,13
Carretera Interamericana km 327.5 ruta a La Mesilla, Aldea CamojÃ¡ Grande, Edificio Centrum CamojÃ¡GuatemalaCAMOJÃ GRANDE;https://www.google.com.br/maps/dir/Calzada+H%C3%83%C2%A9ctor+Augusto+Espa%C3%83+%C2%B1+a+Bracamonte/167.5+Chiquimula,+CHIQGuatemalaCHIQUIMULA/@14.6752748,-90.5260384,13z/data=!3m1!4b1?entry=ttu;14.6752748,-90.5260384,13
Km 188.5 a 300 mts de la moreria, San Cristobal Totonicapan, TotonicapÃ¡nGuatemalaTOTONICAPAN;https://www.google.com.br/maps/dir/Calzada+H%C3%83%C2%A9ctor+Augusto+Espa%C3%83+%C2%B1+a+Bracamonte/167.5+Chiquimula,+CHIQGuatemalaCHIQUIMULA/@14.6752748,-90.5260384,13z/data=!3m1!4b1?entry=ttu;14.6752748,-90.5260384,13
9na calle 0-60 zona 7, Xela, QUETZGuatemalaQUETZALTENANGO;https://www.google.com.br/maps/dir/Calzada+H%C3%83%C2%A9ctor+Augusto+Espa%C3%83+%C2%B1+a+Bracamonte/167.5+Chiquimula,+CHIQGuatemalaCHIQUIMULA/@14.6752748,-90.5260384,13z/data=!3m1!4b1?entry=ttu;14.6752748,-90.5260384,13
7 calle 18A-129 zona 5, San Marcos, SNMAGuatemalaSAN MARCOS;https://www.google.com.br/maps/dir/Calzada+H%C3%83%C2%A9ctor+Augusto+Espa%C3%83+%C2%B1+a+Bracamonte/167.5+Chiquimula,+CHIQGuatemalaCHIQUIMULA/@14.6752748,-90.5260384,13z/data=!3m1!4b1?entry=ttu;14.6752748,-90.5260384,13
Km 158 Carretera a Mazatenango, Centro Comercial Plaza AmÃ©ricas. Mazatenango, SUCHGuatemalaMAZATENANGO;https://www.google.com.br/maps/dir/Calzada+H%C3%83%C2%A9ctor+Augusto+Espa%C3%83+%C2%B1+a+Bracamonte/167.5+Chiquimula,+CHIQGuatemalaCHIQUIMULA/@14.6752748,-90.5260384,13z/data=!3m1!4b1?entry=ttu;14.6752748,-90.5260384,13
Avenida CircunvalaciÃ³n zona 1, Retalhuleu , REUGuatemalaRETALHULEU;https://www.google.com.br/maps/dir/Calzada+H%C3%83%C2%A9ctor+Augusto+Espa%C3%83+%C2%B1+a+Bracamonte/167.5+Chiquimula,+CHIQGuatemalaCHIQUIMULA/@14.6752748,-90.5260384,13z/data=!3m1!4b1?entry=ttu;14.6752748,-90.5260384,13
Final Ave. 20 de Octubre a 300 metros sobre la CA-2, ingreso a Coatepeque, zona 3 Coatepeque, QUETZGuatemalaCOATEPEQUE;https://www.google.com.br/maps/dir/Calzada+H%C3%83%C2%A9ctor+Augusto+Espa%C3%83+%C2%B1+a+Bracamonte/167.5+Chiquimula,+CHIQGuatemalaCHIQUIMULA/@14.6752748,-90.5260384,13z/data=!3m1!4b1?entry=ttu;14.6752748,-90.5260384,13
1 calle y 5 ave zona 1 MalacatÃ¡n, San Marcos, SNMAGuatemalaMALACATÃN;https://www.google.com.br/maps/dir/Calzada+H%C3%83%C2%A9ctor+Augusto+Espa%C3%83+%C2%B1+a+Bracamonte/167.5+Chiquimula,+CHIQGuatemalaCHIQUIMULA/@14.6752748,-90.5260384,13z/data=!3m1!4b1?entry=ttu;14.6752748,-90.5260384,13
Zone de Gros la Jambette, Le Lamentin 97232, MartinicaMARTINICALE LAMENTIN;https://www.google.com.br/maps/dir/Calzada+H%C3%83%C2%A9ctor+Augusto+Espa%C3%83+%C2%B1+a+Bracamonte/167.5+Chiquimula,+CHIQGuatemalaCHIQUIMULA/@14.6752748,-90.5260384,13z/data=!3m1!4b1?entry=ttu;14.6752748,-90.5260384,13
Section, Ducos, Grand-Bourg 97112, GuadalupeGUADALUPEGRAND-BOURG;https://www.google.com.br/maps/dir/Calzada+H%C3%83%C2%A9ctor+Augusto+Espa%C3%83+%C2%B1+a+Bracamonte/167.5+Chiquimula,+CHIQGuatemalaCHIQUIMULA/@14.6752748,-90.5260384,13z/data=!3m1!4b1?entry=ttu;14.6752748,-90.5260384,13
B.P. 229, Zone de Gros la Jambette, Le Lamentin 97232, MartinicaMARTINICALE LAMENTIN;https://www.google.com.br/maps/dir/Calzada+H%C3%83%C2%A9ctor+Augusto+Espa%C3%83+%C2%B1+a+Bracamonte/167.5+Chiquimula,+CHIQGuatemalaCHIQUIMULA/@14.6752748,-90.5260384,13z/data=!3m1!4b1?entry=ttu;14.6752748,-90.5260384,13
Zone de Gros la Jambette, Le Lamentin 97232, MartinicaMARTINICALE LAMENTIN;https://www.google.com.br/maps/dir/Calzada+H%C3%83%C2%A9ctor+Augusto+Espa%C3%83+%C2%B1+a+Bracamonte/167.5+Chiquimula,+CHIQGuatemalaCHIQUIMULA/@14.6752748,-90.5260384,13z/data=!3m1!4b1?entry=ttu;14.6752748,-90.5260384,13
Zone de Gros la Jambette, Le Lamentin 97232, MartinicaMARTINICALE LAMENTIN;https://www.google.com.br/maps/dir/Calzada+H%C3%83%C2%A9ctor+Augusto+Espa%C3%83+%C2%B1+a+Bracamonte/167.5+Chiquimula,+CHIQGuatemalaCHIQUIMULA/@14.6752748,-90.5260384,13z/data=!3m1!4b1?entry=ttu;14.6752748,-90.5260384,13
Les, ZA de Petit PÃ©rou, Les Abymes 97139, GuadalupeGUADALUPELES ABYNES;https://www.google.com.br/maps/dir/Calzada+H%C3%83%C2%A9ctor+Augusto+Espa%C3%83+%C2%B1+a+Bracamonte/167.5+Chiquimula,+CHIQGuatemalaCHIQUIMULA/@14.6752748,-90.5260384,13z/data=!3m1!4b1?entry=ttu;14.6752748,-90.5260384,13
Rue A Lumiere B P 2261 Zi Industrial De Jarry Baie-MahaultGUADALUPEBAIE-MAHAULT;https://www.google.com.br/maps/dir/Calzada+H%C3%83%C2%A9ctor+Augusto+Espa%C3%83+%C2%B1+a+Bracamonte/167.5+Chiquimula,+CHIQGuatemalaCHIQUIMULA/@14.6752748,-90.5260384,13z/data=!3m1!4b1?entry=ttu;14.6752748,-90.5260384,13
41 Rue Henri Becquerel, Baie-Mahault 97122, GuadalupeGUADALUPEBAIE-MAHAULT;https://www.google.com.br/maps/dir/Calzada+H%C3%83%C2%A9ctor+Augusto+Espa%C3%83+%C2%B1+a+Bracamonte/167.5+Chiquimula,+CHIQGuatemalaCHIQUIMULA/@14.6752748,-90.5260384,13z/data=!3m1!4b1?entry=ttu;14.6752748,-90.5260384,13
8M83+CQ9, Le Moule 97160, GuadalupeGUADALUPELE MOULE;https://www.google.com.br/maps/dir/Calzada+H%C3%83%C2%A9ctor+Augusto+Espa%C3%83+%C2%B1+a+Bracamonte/167.5+Chiquimula,+CHIQGuatemalaCHIQUIMULA/@14.6752748,-90.5260384,13z/data=!3m1!4b1?entry=ttu;14.6752748,-90.5260384,13
Lieu-dit Morne Vergain, Les Abymes 97139, GuadalupeGUADALUPELES ABYNES;https://www.google.com.br/maps/dir/Calzada+H%C3%83%C2%A9ctor+Augusto+Espa%C3%83+%C2%B1+a+Bracamonte/167.5+Chiquimula,+CHIQGuatemalaCHIQUIMULA/@14.6752748,-90.5260384,13z/data=!3m1!4b1?entry=ttu;14.6752748,-90.5260384,13
Colin, Petit-Bourg 97170, GuadalupeGUADALUPEPETIT-BUOURG;https://www.google.com.br/maps/dir/Calzada+H%C3%83%C2%A9ctor+Augusto+Espa%C3%83+%C2%B1+a+Bracamonte/167.5+Chiquimula,+CHIQGuatemalaCHIQUIMULA/@14.6752748,-90.5260384,13z/data=!3m1!4b1?entry=ttu;14.6752748,-90.5260384,13
65 Union Rd, Cole Bay, Sint MaartenST MAARTENCOLE BAY;https://www.google.com.br/maps/dir/Calzada+H%C3%83%C2%A9ctor+Augusto+Espa%C3%83+%C2%B1+a+Bracamonte/167.5+Chiquimula,+CHIQGuatemalaCHIQUIMULA/@14.6752748,-90.5260384,13z/data=!3m1!4b1?entry=ttu;14.6752748,-90.5260384,13
Bd du Marquisat de Houelbourg, Baie-Mahault 97122, GuadalupeGUADALUPEBAIE-MAHAULT;https://www.google.com.br/maps/dir/Calzada+H%C3%83%C2%A9ctor+Augusto+Espa%C3%83+%C2%B1+a+Bracamonte/167.5+Chiquimula,+CHIQGuatemalaCHIQUIMULA/@14.6752748,-90.5260384,13z/data=!3m1!4b1?entry=ttu;14.6752748,-90.5260384,13
19 calle avenida San Isidro frente a friopartes la ceiba La CeibaHondurasLA CEIBA;https://www.google.com.br/maps/dir/Calzada+H%C3%83%C2%A9ctor+Augusto+Espa%C3%83+%C2%B1+a+Bracamonte/167.5+Chiquimula,+CHIQGuatemalaCHIQUIMULA/@14.6752748,-90.5260384,13z/data=!3m1!4b1?entry=ttu;14.6752748,-90.5260384,13
Juticalpa, Olancho, Plaza Esmeralda carretera hacia Catacamas, frente a Ferromax. Juticalpa, OlanchoHondurasJUTICALPA;https://www.google.com.br/maps/dir/Calzada+H%C3%83%C2%A9ctor+Augusto+Espa%C3%83+%C2%B1+a+Bracamonte/167.5+Chiquimula,+CHIQGuatemalaCHIQUIMULA/@14.6752748,-90.5260384,13z/data=!3m1!4b1?entry=ttu;14.6752748,-90.5260384,13
Colonia Trejo 11 Calle entre 17 y 18 Ave. S.O, San Pedro Sula San Pedro SulaHondurasSAN PEDRO;https://www.google.com.br/maps/dir/Calzada+H%C3%83%C2%A9ctor+Augusto+Espa%C3%83+%C2%B1+a+Bracamonte/167.5+Chiquimula,+CHIQGuatemalaCHIQUIMULA/@14.6752748,-90.5260384,13z/data=!3m1!4b1?entry=ttu;14.6752748,-90.5260384,13
Anillo PerifÃ©rico, antes de salida a Valle de Ãngeles, contiguo a Blindec. TegucigalpaHondurasTEGUCIGALPA;https://www.google.com.br/maps/dir/Calzada+H%C3%83%C2%A9ctor+Augusto+Espa%C3%83+%C2%B1+a+Bracamonte/167.5+Chiquimula,+CHIQGuatemalaCHIQUIMULA/@14.6752748,-90.5260384,13z/data=!3m1!4b1?entry=ttu;14.6752748,-90.5260384,13
Comayagua, Entrada a Comayagua colonia San Miguel 1, contiguo a laboratorios Diesel ComayaguaHondurasCOMAYAGUA;https://www.google.com.br/maps/dir/Calzada+H%C3%83%C2%A9ctor+Augusto+Espa%C3%83+%C2%B1+a+Bracamonte/167.5+Chiquimula,+CHIQGuatemalaCHIQUIMULA/@14.6752748,-90.5260384,13z/data=!3m1!4b1?entry=ttu;14.6752748,-90.5260384,13
Calle principal entrada a choluteca barrio La Cruz contiguo a hotel Gualiqueme CholutecaHondurasCHOLUTECA;https://www.google.com.br/maps/dir/Calzada+H%C3%83%C2%A9ctor+Augusto+Espa%C3%83+%C2%B1+a+Bracamonte/167.5+Chiquimula,+CHIQGuatemalaCHIQUIMULA/@14.6752748,-90.5260384,13z/data=!3m1!4b1?entry=ttu;14.6752748,-90.5260384,13
East St. South N-7341 Nassau, BahamasBahamasNASSAU;https://www.google.com.br/maps/dir/Calzada+H%C3%83%C2%A9ctor+Augusto+Espa%C3%83+%C2%B1+a+Bracamonte/167.5+Chiquimula,+CHIQGuatemalaCHIQUIMULA/@14.6752748,-90.5260384,13z/data=!3m1!4b1?entry=ttu;14.6752748,-90.5260384,13
65 Union Road, Cole Bay, Sint MaartenSaint MartinCOLE BAY;https://www.google.com.br/maps/dir/Calzada+H%C3%83%C2%A9ctor+Augusto+Espa%C3%83+%C2%B1+a+Bracamonte/167.5+Chiquimula,+CHIQGuatemalaCHIQUIMULA/@14.6752748,-90.5260384,13z/data=!3m1!4b1?entry=ttu;14.6752748,-90.5260384,13
4 Rue Gardabelle, Grand Case, Sint MaartenSaint MartinGRAND CASE;https://www.google.com.br/maps/dir/Calzada+H%C3%83%C2%A9ctor+Augusto+Espa%C3%83+%C2%B1+a+Bracamonte/167.5+Chiquimula,+CHIQGuatemalaCHIQUIMULA/@14.6752748,-90.5260384,13z/data=!3m1!4b1?entry=ttu;14.6752748,-90.5260384,13
Gustavia, Saint BarthelemySint MartinGUSTAVIA;https://www.google.com.br/maps/dir/Calzada+H%C3%83%C2%A9ctor+Augusto+Espa%C3%83+%C2%B1+a+Bracamonte/167.5+Chiquimula,+CHIQGuatemalaCHIQUIMULA/@14.6752748,-90.5260384,13z/data=!3m1!4b1?entry=ttu;14.6752748,-90.5260384,13
Antoine Lavoisier No.13 Parque Industrial Cuamatla CuautitlÃ¡n Izcalli, C.P. 54700 Estado de MÃ©xicoMÃ©xicoCIUDAD DE MEXICO;https://www.google.com.br/maps/dir/Calzada+H%C3%83%C2%A9ctor+Augusto+Espa%C3%83+%C2%B1+a+Bracamonte/167.5+Chiquimula,+CHIQGuatemalaCHIQUIMULA/@14.6752748,-90.5260384,13z/data=!3m1!4b1?entry=ttu;14.6752748,-90.5260384,13
Cl. 25 Nte. #6AN - 11, Santa Monica Residential, Cali, Valle del Cauca, ColÃ´mbiaCali - Santa MÃ³nica;https://www.google.com.br/maps/dir/Calzada+H%C3%83%C2%A9ctor+Augusto+Espa%C3%83+%C2%B1+a+Bracamonte/167.5+Chiquimula,+CHIQGuatemalaCHIQUIMULA/@14.6752748,-90.5260384,13z/data=!3m1!4b1?entry=ttu;14.6752748,-90.5260384,13
Dusty Highway, Grand Anse, St. Goerge, Grenada, West IndiesGrenadaST GEORGE;https://www.google.com.br/maps/dir/Calzada+H%C3%83%C2%A9ctor+Augusto+Espa%C3%83+%C2%B1+a+Bracamonte/167.5+Chiquimula,+CHIQGuatemalaCHIQUIMULA/@14.6752748,-90.5260384,13z/data=!3m1!4b1?entry=ttu;14.6752748,-90.5260384,13
Facsimile, Grand Anse Valley Rd, St George's, GrenadaGrenadaST GEORGE;https://www.google.com.br/maps/dir/Calzada+H%C3%83%C2%A9ctor+Augusto+Espa%C3%83+%C2%B1+a+Bracamonte/167.5+Chiquimula,+CHIQGuatemalaCHIQUIMULA/@14.6752748,-90.5260384,13z/data=!3m1!4b1?entry=ttu;14.6752748,-90.5260384,13
Av. E. J. (Watty) Vos 20, OranjestadObsoleto, Consulte TerritÃ³rio NlORANJESTAD;https://www.google.com.br/maps/dir/Calzada+H%C3%83%C2%A9ctor+Augusto+Espa%C3%83+%C2%B1+a+Bracamonte/167.5+Chiquimula,+CHIQGuatemalaCHIQUIMULA/@14.6752748,-90.5260384,13z/data=!3m1!4b1?entry=ttu;14.6752748,-90.5260384,13
Kendal Hill, Christ Church, OistinsBarbadosOISTINS;https://www.google.com.br/maps/dir/Calzada+H%C3%83%C2%A9ctor+Augusto+Espa%C3%83+%C2%B1+a+Bracamonte/167.5+Chiquimula,+CHIQGuatemalaCHIQUIMULA/@14.6752748,-90.5260384,13z/data=!3m1!4b1?entry=ttu;14.6752748,-90.5260384,13
Kralendijk, Kaya Korona 11BonaireKRALENDIJK;https://www.google.com.br/maps/dir/Calzada+H%C3%83%C2%A9ctor+Augusto+Espa%C3%83+%C2%B1+a+Bracamonte/167.5+Chiquimula,+CHIQGuatemalaCHIQUIMULA/@14.6752748,-90.5260384,13z/data=!3m1!4b1?entry=ttu;14.6752748,-90.5260384,13
Newsfeed, Santa Rosaweg 198, Santa RosaCuraÃ§aoNEWSFEED;https://www.google.com.br/maps/dir/Calzada+H%C3%83%C2%A9ctor+Augusto+Espa%C3%83+%C2%B1+a+Bracamonte/167.5+Chiquimula,+CHIQGuatemalaCHIQUIMULA/@14.6752748,-90.5260384,13z/data=!3m1!4b1?entry=ttu;14.6752748,-90.5260384,13
Willemstad, Jan Noorduynweg 74CuraÃ§aoWILLEMSTAD;https://www.google.com.br/maps/dir/Calzada+H%C3%83%C2%A9ctor+Augusto+Espa%C3%83+%C2%B1+a+Bracamonte/167.5+Chiquimula,+CHIQGuatemalaCHIQUIMULA/@14.6752748,-90.5260384,13z/data=!3m1!4b1?entry=ttu;14.6752748,-90.5260384,13
Kaya W.F.G. Mensing 44, ZeelandiaCuraÃ§aoWILLEMSTAD;https://www.google.com.br/maps/dir/Calzada+H%C3%83%C2%A9ctor+Augusto+Espa%C3%83+%C2%B1+a+Bracamonte/167.5+Chiquimula,+CHIQGuatemalaCHIQUIMULA/@14.6752748,-90.5260384,13z/data=!3m1!4b1?entry=ttu;14.6752748,-90.5260384,13
A.J.C. Brouwers Road 23, Cay Hill, Philipsburg Sint MaartenPHILIPSBURG;https://www.google.com.br/maps/dir/Calzada+H%C3%83%C2%A9ctor+Augusto+Espa%C3%83+%C2%B1+a+Bracamonte/167.5+Chiquimula,+CHIQGuatemalaCHIQUIMULA/@14.6752748,-90.5260384,13z/data=!3m1!4b1?entry=ttu;14.6752748,-90.5260384,13
459M+23R, Sir George Walter Hwy, St John's, Antigua & BarbudaAntigua e BarbudaST JOHNS;https://www.google.com.br/maps/dir/Calzada+H%C3%83%C2%A9ctor+Augusto+Espa%C3%83+%C2%B1+a+Bracamonte/167.5+Chiquimula,+CHIQGuatemalaCHIQUIMULA/@14.6752748,-90.5260384,13z/data=!3m1!4b1?entry=ttu;14.6752748,-90.5260384,13
Av. Nativo Alers Km 0.7, Aguada, 00602Porto RicoAGUADA;https://www.google.com.br/maps/dir/Calzada+H%C3%83%C2%A9ctor+Augusto+Espa%C3%83+%C2%B1+a+Bracamonte/167.5+Chiquimula,+CHIQGuatemalaCHIQUIMULA/@14.6752748,-90.5260384,13z/data=!3m1!4b1?entry=ttu;14.6752748,-90.5260384,13
CVRF+CR7, Aguadilla, 00603Porto RicoAGUADILLA;https://www.google.com.br/maps/dir/Calzada+H%C3%83%C2%A9ctor+Augusto+Espa%C3%83+%C2%B1+a+Bracamonte/167.5+Chiquimula,+CHIQGuatemalaCHIQUIMULA/@14.6752748,-90.5260384,13z/data=!3m1!4b1?entry=ttu;14.6752748,-90.5260384,13
edif. paradise ceramic, PR-2, MayagÃ¼ez, 00610Porto RicoMAYAGUEZ;https://www.google.com.br/maps/dir/Calzada+H%C3%83%C2%A9ctor+Augusto+Espa%C3%83+%C2%B1+a+Bracamonte/167.5+Chiquimula,+CHIQGuatemalaCHIQUIMULA/@14.6752748,-90.5260384,13z/data=!3m1!4b1?entry=ttu;14.6752748,-90.5260384,13
Km 7 Bo, 91 Cll 2, Camuy, 00627Porto RicoCAMUY;https://www.google.com.br/maps/dir/Calzada+H%C3%83%C2%A9ctor+Augusto+Espa%C3%83+%C2%B1+a+Bracamonte/167.5+Chiquimula,+CHIQGuatemalaCHIQUIMULA/@14.6752748,-90.5260384,13z/data=!3m1!4b1?entry=ttu;14.6752748,-90.5260384,13
Car N2 km83.6, Hatillo, 00659Porto RicoHATILLO;https://www.google.com.br/maps/dir/Calzada+H%C3%83%C2%A9ctor+Augusto+Espa%C3%83+%C2%B1+a+Bracamonte/167.5+Chiquimula,+CHIQGuatemalaCHIQUIMULA/@14.6752748,-90.5260384,13z/data=!3m1!4b1?entry=ttu;14.6752748,-90.5260384,13
22A Ligali Ayorinde Street, Victoria IslandNigÃ©riaLagos;https://www.google.com.br/maps/search/22A+Ligali+Ayorinde+Street,+Victoria+IslandNig%C3%83%C2%A9riaLagos/@6.4251401,3.4389382,17z?entry=ttu;6.4251401,3.4389382
23 Muhammadu Buhari wayNigÃ©riaKaduna;https://www.google.com.br/maps/search/23+Muhammadu+Buhari+wayNig%C3%83%C2%A9riaKaduna/@6.4251401,3.4389382,17z?entry=ttu;6.4251401,3.4389382
Plot 71, aboderin layout, ring roadNigÃ©riaIbadan;https://www.google.com.br/maps/search/Plot+71,+aboderin+layout,+ring+roadNig%C3%83%C2%A9riaIbadan/@6.4251401,3.4389382,17z?entry=ttu;6.4251401,3.4389382
Plot 1145, aminu kano crescent, wuse2NigÃ©riaAbuja;https://www.google.com.br/maps/search/Plot+1145,+aminu+kano+crescent,+wuse2Nig%C3%83%C2%A9riaAbuja/@9.084449,7.4693397,17z?entry=ttu;9.084449,7.4693397
33 A1, Spintex Road, Opposite GT Bank, AccraGanaAccra;https://www.google.com.br/maps/search/33+A1,+Spintex+Road,+Opposite+GT+Bank,+AccraGanaAccra/@5.6376131,-0.1472061,14z?entry=ttu;5.6376131,-0.1472061,14
15 Rue Carnot (Dakar)SenegalDakar;https://www.google.com.br/maps/place/Salon+de+coiffure/@14.6679233,-17.4327675,17z/data=!3m1!4b1!4m6!3m5!1s0xec173b4ba25b17d:0x3494abd15c7988a8!8m2!3d14.6679233!4d-17.4301926!16s%2Fg%2F11cm8dhzbm?entry=ttu;14.6679233,-17.4327675
Parkside Towers, Mombasa Road (Nairobi)QuÃªniaNairobi;https://www.google.com.br/maps/search/Parkside+Towers,+Mombasa+Road+(Nairobi)Qu%C3%83%C2%AAniaNairobi/@-1.3250969,36.8459856,17z/data=!3m1!4b1?entry=ttu;-1.3250969,36.8459856
Lecol Building, Mbaraki Road (Mombasa)QuÃªniaMombasa;https://www.google.com.br/maps/place/Lecol/@-3.5966236,39.8841962,17z/data=!4m6!3m5!1s0x183fdd958f2104a3:0x6cd8bd5bacb87149!8m2!3d-3.5966236!4d39.8867711!16s%2Fg%2F11rg6n39ml?entry=ttu;-3.5966236,39.8841962
Northlands Deco Park, Unit 59 Design Boulevard, c/o Witkoppen & Newmarket Road (Johannesburg)Africa Do SulJohannesburg;https://www.google.com.br/maps/search/Northlands+Deco+Park,+Unit+59+Design+Boulevard,+c%2Fo+Witkoppen+%26+Newmarket+Road+(Johannesburg)Africa+Do+SulJohannesburg/@-26.0371356,27.9552585,17z?entry=ttu;-26.0371356,27.9552585
9 Paarden Eiland Road, Paarden Eiland (Cape Town)Africa Do SulCape Town;https://www.google.com.br/maps/search/9+Paarden+Eiland+Road,+Paarden+Eiland+(Cape+Town)Africa+Do+SulCape+Town/@-0.0274502,-26.6104109,3z/data=!3m1!4b1?entry=ttu;-0.0274502,-26.6104109,3
Tower 2, Apt no. 107 - Zahir City, Extension of Hassan MaamonØŒ St.Cairo;https://www.google.com.br/maps/search/Tower+2,+Apt+no.+107+-+Zahir+City,+Extension+of+Hassan+Maamon%C3%98%C5%92+St.Cairo/@14.9625045,6.268541,3z/data=!3m1!4b1?entry=ttu;14.9625045,6.268541,3
2 Brown St, Alderley Edge - SK9 7EQ / United Kingdom;https://www.google.com.br/maps/place/2+Brown+St,+Alderley+Edge+SK9+7EQ,+Reino+Unido/@53.3013664,-2.2393916,17z/data=!4m6!3m5!1s0x487a4ded88353223:0x9206bea7207fe32f!8m2!3d53.3013664!4d-2.2368167!16s%2Fg%2F11c3q2qvgb?entry=ttu;53.3013664,-2.2393916
Boulevard VGE, face Solibra / 01 Bp 7205, AbidjanCosta do MarfimAbidjan;https://www.google.com.br/maps/search/Boulevard+VGE,+face+Solibra+%2F+01+Bp+7205,+AbidjanCosta+do+MarfimAbidjan/@53.3013664,-2.2393916,17z?entry=ttu;53.3013664,-2.2393916
AprÃ¨s le carrefour Abatta, Bd FranÃ§ois Mitterrand, AbidjanCosta do MarfimAbidjan;https://www.google.com.br/maps/place/Carrefour+Lapin/@5.3546914,-3.92711,17z/data=!4m6!3m5!1s0xfc1ed52fc80b5b5:0x474e5615d09423e!8m2!3d5.3546914!4d-3.9245351!16s%2Fg%2F11sdtxbx_p?entry=ttu;5.3546914,-3.92711
Estrada da Samba SN - frente ao ENAPP, LuandaLuanda;https://www.google.com.br/maps/place/ENAPP+-+E.P./@-8.8832695,13.1814916,17z/data=!4m6!3m5!1s0x1a51f4b7134760b3:0x8d77a1d4a0dfaf2d!8m2!3d-8.8832695!4d13.1840665!16s%2Fg%2F1tfdhyny?entry=ttu;-8.8832695,13.1814916
9 Macadam street, WindhoekNamÃ­biaWindhoek;https://www.google.com.br/maps/search/9+Macadam+street,+WindhoekNam%C3%83%C2%ADbiaWindhoek/@-22.5790029,17.07507,15z/data=!3m1!4b1?entry=ttu;-22.5790029,17.07507,15
20, AVE Poivre, Quatre BornesIlhas MaurÃ­cioPort Louis;https://www.google.com.br/maps/search/20,+AVE+Poivre,+Quatre+BornesIlhas+Maur%C3%83%C2%ADcioPort+Louis/@-22.5790029,17.07507,15z?entry=ttu;-22.5790029,17.07507,15
Un Drive â€“ Bushroad Island Vai Town, LiberiaLibÃ©riaMonrovia;https://www.google.com.br/maps/search/Un+Drive+%C3%A2%E2%82%AC%E2%80%9C+Bushroad+Island+Vai+Town,+LiberiaLib%C3%83%C2%A9riaMonrovia/@6.3229075,-10.8230117,14z/data=!3m1!4b1?entry=ttu;6.3229075,-10.8230117,14
25QG+79P, Unnamed Road, Belas - AngolaAngolaLuanda;https://www.google.com.br/maps/search/25QG%2B79P,+Unnamed+Road,+Belas+-+AngolaAngolaLuanda/@-8.9617875,13.1733782,17z/data=!3m1!4b1?entry=ttu;-8.9617875,13.1733782
Punta Cana Shopping Mall NÂº 3 - Punta CanaRepÃºblica DominicanaPUNTA CANA;https://www.google.com.br/maps/search/Punta+Cana+Shopping+Mall+N%C3%82%C2%BA+3+-+Punta+CanaRep%C3%83%C2%BAblica+DominicanaPUNTA+CANA/@18.6405021,-68.6361621,11z/data=!3m1!4b1?entry=ttu;18.6405021,-68.6361621,11
Av.27 de febrero, Plaza Mia #52- SantiagoRepÃºblica DominicanaSANTIAGO;https://www.google.com.br/maps/search/Av.27+de+febrero,+Plaza+Mia+%2352-+SantiagoRep%C3%83%C2%BAblica+DominicanaSANTIAGO/@18.9668635,-70.9807063,9z/data=!3m1!4b1?entry=ttu;18.9668635,-70.9807063,9
Av.27 de febrero - Santo DomingoRepÃºblica DominicanaSANTO DOMINGO;https://www.google.com.br/maps/search/Av.27+de+febrero+-+Santo+DomingoRep%C3%83%C2%BAblica+DominicanaSANTO+DOMINGO/@18.4662047,-69.931888,17z?entry=ttu;18.4662047,-69.931888
Av 27 de Febrero 359, Santo Domingo 10305, Dominican RepublicRepÃºblica DominicanaSANTO DOMINGO;https://www.google.com.br/maps/search/Av+27+de+Febrero+359,+Santo+Domingo+10305,+Dominican+RepublicRep%C3%83%C2%BAblica+DominicanaSANTO+DOMINGO/@18.4590399,-69.9476985,17z?entry=ttu;18.4590399,-69.9476985
Mile 3 Phillip Goldson Highway Belize City Belize C.A P.O Box 2174BelizeBELIZE CITY;https://www.google.com.br/maps/search/Mile+3+Phillip+Goldson+Highway+Belize+City+Belize+C.A+P.O+Box+2174BelizeBELIZE+CITY/@17.5044898,-88.2013648,17z/data=!3m1!4b1?entry=ttu;17.5044898,-88.2013648
Signature Plaza, Av M. Zarate, San MiguelitoPanamÃ¡ALTAMIRA;https://www.google.com.br/maps/search/Signature+Plaza,+Av+M.+Zarate,+San+MiguelitoPanam%C3%83%C2%A1ALTAMIRA/@-6.310282,-56.2787115,7z?entry=ttu;-6.310282,-56.2787115,7
VÃ­a Interamericana, Plaza Las LajasPanamÃ¡LAS LAJAS;https://www.google.com.br/maps/place/Las+Lajas,+Panam%C3%A1+Oeste+Province,+Panam%C3%A1/@8.5433489,-79.9992601,12z/data=!3m1!4b1!4m6!3m5!1s0x8facf03d6ad2f32f:0xc660e294657d6300!8m2!3d8.5489276!4d-79.9290642!16s%2Fm%2F013f39h5?entry=ttu;8.5433489,-79.9992601,12
Design Plaza, VÃ­a Boquete, Frente al JorÃ³n Zebede.PanamÃ¡DAVID;https://www.google.com.br/maps/place/Design+Plaza/@8.4521053,-82.4233278,17z/data=!4m6!3m5!1s0x8fa59d028f2c2f8d:0x2818a754ce8574e7!8m2!3d8.4521053!4d-82.4207529!16s%2Fg%2F11c0xmf0x6?entry=ttu;8.4521053,-82.4233278
Av. De las AmÃ©ricas.PanamÃ¡LA CHORRERA;https://www.google.com.br/maps/search/Av.+De+las+Am%C3%83%C2%A9ricas.Panam%C3%83%C2%A1LA+CHORRERA/@8.9832183,-80.0104492,11z/data=!3m1!4b1?entry=ttu;8.9832183,-80.0104492,11
San Francisco, VÃ­a Israel y Calle 75, diagonal a Hotel SheratonPanamÃ¡PANAMA CITY;https://www.google.com.br/maps/search/San+Francisco,+V%C3%83%C2%ADa+Israel+y+Calle+75,+diagonal+a+Hotel+SheratonPanam%C3%83%C2%A1PANAMA+CITY/@-10.3090785,-92.7618768,4z?entry=ttu;-10.3090785,-92.7618768,4
VÃ­a FernÃ¡ndez de CÃ³rdobaPanamÃ¡PANAMA CITY;https://www.google.com.br/maps/search/V%C3%83%C2%ADa+Fern%C3%83%C2%A1ndez+de+C%C3%83%C2%B3rdobaPanam%C3%83%C2%A1PANAMA+CITY/@9.0813044,-79.6179545,11z/data=!3m1!4b1?entry=ttu;9.0813044,-79.6179545,11
GP87+66P, Port-au-Prince, HaitiHaitiPETION-VILLE;https://www.google.com.br/maps/search/GP87%2B66P,+Port-au-Prince,+HaitiHaitiPETION-VILLE/@18.5155875,-72.2894968,17z/data=!3m1!4b1?entry=ttu;18.5155875,-72.2894968
173 Rte de Delmas, Delmas, HaitiHaitiDELMAS;https://www.google.com.br/maps/search/173+Rte+de+Delmas,+Delmas,+HaitiHaitiDELMAS/@18.5521578,-72.3149449,17z/data=!3m1!4b1?entry=ttu;18.5521578,-72.3149449
Rue Lysius Salomon # 9, PORT AU PRINCE, EX, HTHaitiPORT AU PRINCE;https://www.google.com.br/maps/search/Rue+Lysius+Salomon+%23+9,+PORT+AU+PRINCE,+EX,+HTHaitiPORT+AU+PRINCE/@18.5790192,-72.3668625,12z?entry=ttu;18.5790192,-72.3668625,12
San JosÃ©, Pozos de Santa Ana, 700 metros Este de Forum I.Costa RicaSAN JOSE;https://www.google.com.br/maps/search/San+Jos%C3%83%C2%A9,+Pozos+de+Santa+Ana,+700+metros+Este+de+Forum+I.Costa+RicaSAN+JOSE/@9.9553007,-84.2359127,13z?entry=ttu;9.9553007,-84.2359127,13
Cartago, 200 metros Sur y 250 metros Este del Cementerio.Costa RicaCARTAGO;https://www.google.com.br/maps/search/Cartago,+200+metros+Sur+y+250+metros+Este+del+Cementerio.Costa+RicaCARTAGO/@9.8542049,-83.9663894,13z?entry=ttu;9.8542049,-83.9663894,13
Liberia frente al Aeropuerto, Bodega 3C, Solarium.Costa RicaLIBERIA;https://www.google.com.br/maps/search/Liberia+frente+al+Aeropuerto,+Bodega+3C,+Solarium.Costa+RicaLIBERIA/@10.5906306,-85.537343,17z/data=!3m1!4b1?entry=ttu;10.5906306,-85.537343
San JosÃ©, Curridabat, 100 metros Oeste de la Bomba La Galera.Costa RicaSAN JOSE;https://www.google.com.br/maps/search/San+Jos%C3%83%C2%A9,+Curridabat,+100+metros+Oeste+de+la+Bomba+La+Galera.Costa+RicaSAN+JOSE/@9.9158771,-84.0556089,14z?entry=ttu;9.9158771,-84.0556089,14
ESCAZÃš, 600 mts al Oeste de La Paco carretera vieja a Santa Ana, Edificio Fernandez Aguilar.Costa RicaSAN JOSE;https://www.google.com.br/maps/search/ESCAZ%C3%83%C5%A1,+600+mts+al+Oeste+de+La+Paco+carretera+vieja+a+Santa+Ana,+Edificio+Fernandez+Aguilar.Costa+RicaSAN+JOSE/@9.933897,-84.156822,17z?entry=ttu;9.933897,-84.156822
Calzada La Paz 1-03 zona 5 Guatemala, GTGuatemalaCIUDAD DE GUATEMALA;https://www.google.com.br/maps/search/Calzada+La+Paz+1-03+zona+5+Guatemala,+GTGuatemalaCIUDAD+DE+GUATEMALA/@14.6426546,-90.4966315,15z/data=!3m1!4b1?entry=ttu;14.6426546,-90.4966315,15
Residencial el Sitio 1 calle los aceitunos lote 1-B S San Miguel, punto de referencia frente a las bodegas Bimbo. San Miguel, San MiguelEl SalvadorSAN MIGUEL;https://www.google.com.br/maps/search/Residencial+el+Sitio+1+calle+los+aceitunos+lote+1-B+S+San+Miguel,+punto+de+referencia+frente+a+las+bodegas+Bimbo.+San+Miguel,+San+MiguelEl+SalvadorSAN+MIGUEL/@13.4993143,-88.2085554,16z?entry=ttu;13.4993143,-88.2085554,16
KilÃ³metro 114 Carretera Litoral Oriente, Frente a desvÃ­o Santa Elena, Santa MarÃ­a UsulutÃ¡n, UsulutÃ¡nEl SalvadorSANTA MARÃA;https://www.google.com.br/maps/search/Kil%C3%83%C2%B3metro+114+Carretera+Litoral+Oriente,+Frente+a+desv%C3%83%C2%ADo+Santa+Elena,+Santa+Mar%C3%83%C2%ADa+Usulut%C3%83%C2%A1n,+Usulut%C3%83%C2%A1nEl+SalvadorSANTA+MAR%C3%83%C2%8DA/@13.3418194,-88.4261464,17z/data=!3m1!4b1?entry=ttu;13.3418194,-88.4261464
CarreteraTroncal del Norte km 49, el Coyolito, Tejutla, Chalatenango. Chalatenango, SalvadorEl SalvadorCHALATENANGO;https://www.google.com.br/maps/search/CarreteraTroncal+del+Norte+km+49,+el+Coyolito,+Tejutla,+Chalatenango.+Chalatenango,+SalvadorEl+SalvadorCHALATENANGO/@14.0888395,-89.1481147,17z/data=!3m1!4b1?entry=ttu;14.0888395,-89.1481147
ProlongaciÃ³n Alameda Juan Pablo2, #353 San Salvador, En el semÃ¡foro para entrar a la ConstituciÃ³n, cruzan hacia Metrocentro, estamos bajando la cuesta arriba de la Yamaha por las bodegas San Jorge. San Salvador, SNSVEl SalvadorSAN SALVADOR;https://www.google.com.br/maps/search/Prolongaci%C3%83%C2%B3n+Alameda+Juan+Pablo2,+%23353+San+Salvador,+En+el+sem%C3%83%C2%A1foro+para+entrar+a+la+Constituci%C3%83%C2%B3n,+cruzan+hacia+Metrocentro,+estamos+bajando+la+cuesta+arriba+de+la+Yamaha+por+las+bodegas+San+Jorge.+San+Salvador,+SNSVEl+SalvadorSAN+SALVADOR/@13.7075716,-89.2273689,17z?entry=ttu;13.7075716,-89.2273689
Boulevard del HipÃ³dromo 429 y pasaje 1 #17 Colonia San Benito. San Salvador, SNSVEl SalvadorSAN SALVADOR;https://www.google.com.br/maps/search/Boulevard+del+Hip%C3%83%C2%B3dromo+429+y+pasaje+1+%2317+Colonia+San+Benito.+San+Salvador,+SNSVEl+SalvadorSAN+SALVADOR/@13.7075714,-89.2350938,15z/data=!3m1!4b1?entry=ttu;13.7075714,-89.2350938,15
Blv. Nicolas Salume y 23 calle Poniente contiguo a multiservicios Mejia, Santa Ana Santa Ana, SalvadorEl SalvadorSANTA ANA;https://www.google.com.br/maps/search/Blv.+Nicolas+Salume+y+23+calle+Poniente+contiguo+a+multiservicios+Mejia,+Santa+Ana+Santa+Ana,+SalvadorEl+SalvadorSANTA+ANA/@13.982882,-89.5639728,16z/data=!3m1!4b1?entry=ttu;13.982882,-89.5639728,16
Km63 Boulevard Las Palmeras, Sonzacate, Sonsonate â€“ 200 mts al sur de Agape Sonsonate, SalvadorEl SalvadorSONZACATE;https://www.google.com.br/maps/search/Km63+Boulevard+Las+Palmeras,+Sonzacate,+Sonsonate+%C3%A2%E2%82%AC%E2%80%9C+200+mts+al+sur+de+Agape+Sonsonate,+SalvadorEl+SalvadorSONZACATE/@13.7306186,-89.7167859,17z/data=!3m1!4b1?entry=ttu;13.7306186,-89.7167859
12 calle entre 6 y 7 avenida Puerto Barrios, Izabal Izabal, IZAGuatemalaPUERTO BARRIOS;https://www.google.com.br/maps/search/12+calle+entre+6+y+7+avenida+Puerto+Barrios,+Izabal+Izabal,+IZAGuatemalaPUERTO+BARRIOS/@15.7098743,-88.6360182,13z?entry=ttu;15.7098743,-88.6360182,13
Calzada Guatemala km 381.5 salida a Flores, PoptÃºn, PetÃ©n PetÃ©n, PETGuatemalaPOPTÃšN;https://www.google.com.br/maps/search/Calzada+Guatemala+km+381.5+salida+a+Flores,+Popt%C3%83%C2%BAn,+Pet%C3%83%C2%A9n+Pet%C3%83%C2%A9n,+PETGuatemalaPOPT%C3%83%C5%A1N/@14.5930324,-90.5905083,12z/data=!3m1!4b1?entry=ttu;14.5930324,-90.5905083,12
X9X9+H35, Av. Eduardo Ruberte, Ponce, 00717Porto RicoPONCE;https://www.google.com.br/maps/search/X9X9%2BH35,+Av.+Eduardo+Ruberte,+Ponce,+00717Porto+RicoPONCE/@17.9998424,-66.651037,13z/data=!3m1!4b1?entry=ttu;17.9998424,-66.651037,13
538, Bay Road, Blue Hills, Providenciales, TKCA 1ZZ, Turks & Caicos IslandsIlhas Turks E CaicosPROVIDENCIALES;https://www.google.com.br/maps/search/538,+Bay+Road,+Blue+Hills,+Providenciales,+TKCA+1ZZ,+Turks+%26+Caicos+IslandsIlhas+Turks+E+CaicosPROVIDENCIALES/@21.8083049,-72.2812884,17z?entry=ttu;21.8083049,-72.2812884
KM1 Carretera al sur, antes del puente Germania, Tegucigalpa.HondurasTEGUCIGALPA;https://www.google.com.br/maps/search/KM1+Carretera+al+sur,+antes+del+puente+Germania,+Tegucigalpa.HondurasTEGUCIGALPA/@14.007112,-87.2258619,14z/data=!3m1!4b1?entry=ttu;14.007112,-87.2258619,14
Colonia Florencia Sur, Bulevar Suyapa Tegucigalpa.HondurasTEGUCIGALPA;https://www.google.com.br/maps/place/Colonia+Florencia+Sur,+Tegucigalpa,+Francisco+Moraz%C3%A1n,+Honduras/@14.0817091,-87.181851,15z/data=!4m6!3m5!1s0x8f6fbccd6f65cd1f:0x80b86cebe7ec1e5f!8m2!3d14.0821819!4d-87.1709576!16s%2Fg%2F1tf5lqbw?entry=ttu;14.0817091,-87.181851,15
Mt. Pleasant, French Harbour, RoatÃ¡n, Islas de la BahÃ­aHondurasISLAS DE LA BAHÃA;https://www.google.com.br/maps/search/Mt.+Pleasant,+French+Harbour,+Roat%C3%83%C2%A1n,+Islas+de+la+Bah%C3%83%C2%ADaHondurasISLAS+DE+LA+BAH%C3%83%C2%8DA/@32.8481405,-79.9810326,11z?entry=ttu;32.8481405,-79.9810326,11
Colonia Los Andes, 11 calle 11 avenida a media cuadra de Centro Medico Galeno.HondurasSAN PEDRO SULA;https://www.google.com.br/maps/search/Colonia+Los+Andes,+11+calle+11+avenida+a+media+cuadra+de+Centro+Medico+Galeno.HondurasSAN+PEDRO+SULA/@15.5204108,-88.067892,12z?entry=ttu;15.5204108,-88.067892,12
309 Ave. De Diego, Puerto Nuevo, San Juan, P.R. 00918Porto RicoSAN JUAN;https://www.google.com.br/maps/search/309+Ave.+De+Diego,+Puerto+Nuevo,+San+Juan,+P.R.+00918Porto+RicoSAN+JUAN/@18.415312,-66.0913206,17z?entry=ttu;18.415312,-66.0913206
Carr. #1 Km. 23.0 RÃ­o Ward, Guaynabo, P.R. 00969Porto RicoGUAYNABO;https://www.google.com.br/maps/search/Carr.+%231+Km.+23.0+R%C3%83%C2%ADo+Ward,+Guaynabo,+P.R.+00969Porto+RicoGUAYNABO/@18.3591033,-66.194676,12z?entry=ttu;18.3591033,-66.194676,12
Carr. 835 km. 0.1 Bo. Mamey I, Guaynabo, P.R. 00969Porto RicoGUAYNABO;https://www.google.com.br/maps/search/Carr.+835+km.+0.1+Bo.+Mamey+I,+Guaynabo,+P.R.+00969Porto+RicoGUAYNABO/@18.3162612,-66.1368842,14z?entry=ttu;18.3162612,-66.1368842,14
114 Constant Spring Road, Kingston 8JamaicaKINGSTON;https://www.google.com.br/maps/search/114+Constant+Spring+Road,+Kingston+8JamaicaKINGSTON/@18.0340499,-76.799632,17z/data=!3m1!4b1?entry=ttu;18.0340499,-76.799632
Ferry, Mandela HighwayJamaicaST. CATHERINE;https://www.google.com.br/maps/search/Ferry,+Mandela+HighwayJamaicaST.+CATHERINE/@18.0169078,-76.8874735,14z/data=!3m1!4b1?entry=ttu;18.0169078,-76.8874735,14
Lot # 8 Butcher's Ave, Lears Industrial Estate, St. Michael, BarbadosBarbadosST. MICHAEL;https://www.google.com.br/maps/search/Lot+%23+8+Butcher's+Ave,+Lears+Industrial+Estate,+St.+Michael,+BarbadosBarbadosST.+MICHAEL/@18.0169078,-76.8874735,14z?entry=ttu;18.0169078,-76.8874735,14
61 Lime Head Rd, Chase Village, Trinidad & TobagoTrinidad E TobagoCHASE VILLAGE;https://www.google.com.br/maps/search/61+Lime+Head+Rd,+Chase+Village,+Trinidad+%26+TobagoTrinidad+E+TobagoCHASE+VILLAGE/@10.4858391,-61.4158923,17z?entry=ttu;10.4858391,-61.4158923
Carr. #1 Km. 21.1, La Muda, 00926, Puerto Ricoporto RicoSAN JUAN;https://www.google.com.br/maps/search/Carr.+%231+Km.+21.1,+La+Muda,+00926,+Puerto+Ricoporto+RicoSAN+JUAN/@10.4858391,-61.4158923,17z?entry=ttu;10.4858391,-61.4158923
Balcarce 100, Rosario, Santa Fe.ArgentinaRosario - Santa FÃ©;https://www.google.com.br/maps/place/Balcarce+100,+S2000DNX+Rosario,+Santa+Fe,+Argentina/@-32.9358562,-60.6525511,17z/data=!3m1!4b1!4m5!3m4!1s0x95b7ab3823748243:0x9df70006d8538711!8m2!3d-32.9358562!4d-60.6499762?entry=ttu;-32.9358562,-60.6525511
Acceso A Juan JosÃ© Paso, Rosario, Santa Fe.ArgentinaRosario - Santa FÃ©;https://www.google.com.br/maps/place/Juan+Jos%C3%A9+Paso,+Rosario,+Santa+Fe,+Argentina/@-32.9202067,-60.7154189,17z/data=!4m6!3m5!1s0x95b6531891f35343:0x778f55a8d31d7cf1!8m2!3d-32.9202067!4d-60.712844!16s%2Fg%2F1hc5zslgq?entry=ttu;-32.9202067,-60.7154189
Av. Figueroa Alcorta 7174ArgentinaCABA;https://www.google.com.br/maps/place/Av.+Pres.+Figueroa+Alcorta+7174,+C1428+CABA,+Argentina/@-34.5477173,-58.4464071,17z/data=!4m6!3m5!1s0x95bcb43701ad9521:0xa4de2ecab2c10730!8m2!3d-34.5477173!4d-58.4438322!16s%2Fg%2F11g8_4l13s?entry=ttu;-34.5477173,-58.4464071
Av. Juan B. Alberdi 3701ArgentinaCABA;https://www.google.com.br/maps/place/Av.+Juan+Bautista+Alberdi+3701,+C1407GZE+CABA,+Argentina/@-34.6363648,-58.4801403,17z/data=!4m6!3m5!1s0x95bcc99a5e731ba5:0x3179034d7ec57dee!8m2!3d-34.6363648!4d-58.4775654!16s%2Fg%2F11csj1svz2?entry=ttu;-34.6363648,-58.4801403
Juan B. Justo 1295ArgentinaCABA;https://www.google.com.br/maps/place/Av.+Juan+Bautista+Justo+1295,+C1414CWB+CABA,+Argentina/@-34.5838066,-58.4355765,17z/data=!4m6!3m5!1s0x95bcb58e41f294cf:0x790b0b6d4292d40f!8m2!3d-34.5838066!4d-58.4330016!16s%2Fg%2F11c2fvsk_j?entry=ttu;-34.5838066,-58.4355765
Ruta Panamericana Ramal Pilar Km 49,5ArgentinaPilar - Buenos Aires;https://www.google.com.br/maps/search/Ruta+Panamericana+Ramal+Pilar+Km+49,5ArgentinaPilar+-+Buenos+Aires/@-34.445574,-59.0644157,11z/data=!3m1!4b1?entry=ttu;-34.445574,-59.0644157,11
Acceso Oeste Km 23 Bajada Santa RosaArgentinaCastelar - Buenos Aires;https://www.google.com.br/maps/dir/Au+Acceso+Oeste,+Provincia+de+Buenos+Aires,+Argentina/23+Bajada+Santa+RosaArgentinaCastelar+-+Buenos+Aires/@-34.6151105,-58.8631576,15z/data=!3m1!4b1!4m8!4m7!1m5!1m1!1s0x95bc95df04dd1783:0xaf1284fa39d22dd4!2m2!1d-58.8528578!2d-34.6151109!1m0?entry=ttu;-34.6151105,-58.8631576,15
Av. HipÃ³lito Yrigoyen 7363ArgentinaBanfield - Buenos Aires;https://www.google.com.br/maps/dir/Au+Acceso+Oeste,+Provincia+de+Buenos+Aires,+Argentina/23+Bajada+Santa+RosaArgentinaCastelar+-+Buenos+Aires/@-34.6151105,-58.8631576,15z/data=!3m1!4b1!4m8!4m7!1m5!1m1!1s0x95bc95df04dd1783:0xaf1284fa39d22dd4!2m2!1d-58.8528578!2d-34.6151109!1m0?entry=ttu;-34.6151105,-58.8631576,15
Mendoza 1637,ArgentinaTucumÃ¡n;https://www.google.com.br/maps/dir/Au+Acceso+Oeste,+Provincia+de+Buenos+Aires,+Argentina/23+Bajada+Santa+RosaArgentinaCastelar+-+Buenos+Aires/@-34.6151105,-58.8631576,15z/data=!3m1!4b1!4m8!4m7!1m5!1m1!1s0x95bc95df04dd1783:0xaf1284fa39d22dd4!2m2!1d-58.8528578!2d-34.6151109!1m0?entry=ttu;-34.6151105,-58.8631576,15
Mariano Pelliza 3743 OlivosArgentinaOlivos - Buenos Aires;https://www.google.com.br/maps/dir/Au+Acceso+Oeste,+Provincia+de+Buenos+Aires,+Argentina/23+Bajada+Santa+RosaArgentinaCastelar+-+Buenos+Aires/@-34.6151105,-58.8631576,15z/data=!3m1!4b1!4m8!4m7!1m5!1m1!1s0x95bc95df04dd1783:0xaf1284fa39d22dd4!2m2!1d-58.8528578!2d-34.6151109!1m0?entry=ttu;-34.6151105,-58.8631576,15
Av. Juan B. Justo 1380ArgentinaBuenos Aires;https://www.google.com.br/maps/dir/Au+Acceso+Oeste,+Provincia+de+Buenos+Aires,+Argentina/23+Bajada+Santa+RosaArgentinaCastelar+-+Buenos+Aires/@-34.6151105,-58.8631576,15z/data=!3m1!4b1!4m8!4m7!1m5!1m1!1s0x95bc95df04dd1783:0xaf1284fa39d22dd4!2m2!1d-58.8528578!2d-34.6151109!1m0?entry=ttu;-34.6151105,-58.8631576,15
Av. Brigadeiro General D. J. M. de Rosas 4940ArgentinaBuenos Aires;https://www.google.com.br/maps/dir/Au+Acceso+Oeste,+Provincia+de+Buenos+Aires,+Argentina/23+Bajada+Santa+RosaArgentinaCastelar+-+Buenos+Aires/@-34.6151105,-58.8631576,15z/data=!3m1!4b1!4m8!4m7!1m5!1m1!1s0x95bc95df04dd1783:0xaf1284fa39d22dd4!2m2!1d-58.8528578!2d-34.6151109!1m0?entry=ttu;-34.6151105,-58.8631576,15
Av. Juan Batista Alberdi 3928ArgentinaBuenos Aires;https://www.google.com.br/maps/dir/Au+Acceso+Oeste,+Provincia+de+Buenos+Aires,+Argentina/23+Bajada+Santa+RosaArgentinaCastelar+-+Buenos+Aires/@-34.6151105,-58.8631576,15z/data=!3m1!4b1!4m8!4m7!1m5!1m1!1s0x95bc95df04dd1783:0xaf1284fa39d22dd4!2m2!1d-58.8528578!2d-34.6151109!1m0?entry=ttu;-34.6151105,-58.8631576,15
Herrera 1257ArgentinaBuenos Aires;https://www.google.com.br/maps/dir/Au+Acceso+Oeste,+Provincia+de+Buenos+Aires,+Argentina/23+Bajada+Santa+RosaArgentinaCastelar+-+Buenos+Aires/@-34.6151105,-58.8631576,15z/data=!3m1!4b1!4m8!4m7!1m5!1m1!1s0x95bc95df04dd1783:0xaf1284fa39d22dd4!2m2!1d-58.8528578!2d-34.6151109!1m0?entry=ttu;-34.6151105,-58.8631576,15
Av. Panamericana y Fondo de la LeguaArgentinaBuenos Aires;https://www.google.com.br/maps/dir/Au+Acceso+Oeste,+Provincia+de+Buenos+Aires,+Argentina/23+Bajada+Santa+RosaArgentinaCastelar+-+Buenos+Aires/@-34.6151105,-58.8631576,15z/data=!3m1!4b1!4m8!4m7!1m5!1m1!1s0x95bc95df04dd1783:0xaf1284fa39d22dd4!2m2!1d-58.8528578!2d-34.6151109!1m0?entry=ttu;-34.6151105,-58.8631576,15
Shopping Las Palmas de Pilar - Panamericana Pilar km 50ArgentinaPilar;https://www.google.com.br/maps/dir/Au+Acceso+Oeste,+Provincia+de+Buenos+Aires,+Argentina/23+Bajada+Santa+RosaArgentinaCastelar+-+Buenos+Aires/@-34.6151105,-58.8631576,15z/data=!3m1!4b1!4m8!4m7!1m5!1m1!1s0x95bc95df04dd1783:0xaf1284fa39d22dd4!2m2!1d-58.8528578!2d-34.6151109!1m0?entry=ttu;-34.6151105,-58.8631576,15
Av. Presidente Peron 6383ArgentinaHurlinghan - Buenos Aires;https://www.google.com.br/maps/dir/Au+Acceso+Oeste,+Provincia+de+Buenos+Aires,+Argentina/23+Bajada+Santa+RosaArgentinaCastelar+-+Buenos+Aires/@-34.6151105,-58.8631576,15z/data=!3m1!4b1!4m8!4m7!1m5!1m1!1s0x95bc95df04dd1783:0xaf1284fa39d22dd4!2m2!1d-58.8528578!2d-34.6151109!1m0?entry=ttu;-34.6151105,-58.8631576,15
Av. Juan B Justo 2751ArgentinaMar del Plata;https://www.google.com.br/maps/dir/Au+Acceso+Oeste,+Provincia+de+Buenos+Aires,+Argentina/23+Bajada+Santa+RosaArgentinaCastelar+-+Buenos+Aires/@-34.6151105,-58.8631576,15z/data=!3m1!4b1!4m8!4m7!1m5!1m1!1s0x95bc95df04dd1783:0xaf1284fa39d22dd4!2m2!1d-58.8528578!2d-34.6151109!1m0?entry=ttu;-34.6151105,-58.8631576,15
Av. ConstituciÃ³n 4232ArgentinaMar del Plata;https://www.google.com.br/maps/dir/Au+Acceso+Oeste,+Provincia+de+Buenos+Aires,+Argentina/23+Bajada+Santa+RosaArgentinaCastelar+-+Buenos+Aires/@-34.6151105,-58.8631576,15z/data=!3m1!4b1!4m8!4m7!1m5!1m1!1s0x95bc95df04dd1783:0xaf1284fa39d22dd4!2m2!1d-58.8528578!2d-34.6151109!1m0?entry=ttu;-34.6151105,-58.8631576,15
Don Bosco 1505ArgentinaBahÃ­a Blanca;https://www.google.com.br/maps/dir/Au+Acceso+Oeste,+Provincia+de+Buenos+Aires,+Argentina/23+Bajada+Santa+RosaArgentinaCastelar+-+Buenos+Aires/@-34.6151105,-58.8631576,15z/data=!3m1!4b1!4m8!4m7!1m5!1m1!1s0x95bc95df04dd1783:0xaf1284fa39d22dd4!2m2!1d-58.8528578!2d-34.6151109!1m0?entry=ttu;-34.6151105,-58.8631576,15
InativoArgentinaSanta fÃ©;https://www.google.com.br/maps/dir/Au+Acceso+Oeste,+Provincia+de+Buenos+Aires,+Argentina/23+Bajada+Santa+RosaArgentinaCastelar+-+Buenos+Aires/@-34.6151105,-58.8631576,15z/data=!3m1!4b1!4m8!4m7!1m5!1m1!1s0x95bc95df04dd1783:0xaf1284fa39d22dd4!2m2!1d-58.8528578!2d-34.6151109!1m0?entry=ttu;-34.6151105,-58.8631576,15
Av. Rosario de Santa Fe 2302ArgentinaSan Francisco - CÃ³rdoba;https://www.google.com.br/maps/dir/Au+Acceso+Oeste,+Provincia+de+Buenos+Aires,+Argentina/23+Bajada+Santa+RosaArgentinaCastelar+-+Buenos+Aires/@-34.6151105,-58.8631576,15z/data=!3m1!4b1!4m8!4m7!1m5!1m1!1s0x95bc95df04dd1783:0xaf1284fa39d22dd4!2m2!1d-58.8528578!2d-34.6151109!1m0?entry=ttu;-34.6151105,-58.8631576,15
Colectora de CircunvalaciÃ³n (altura MonseÃ±or P. Cabrera al 5500)ArgentinaCÃ³rdoba Capital;https://www.google.com.br/maps/dir/Au+Acceso+Oeste,+Provincia+de+Buenos+Aires,+Argentina/23+Bajada+Santa+RosaArgentinaCastelar+-+Buenos+Aires/@-34.6151105,-58.8631576,15z/data=!3m1!4b1!4m8!4m7!1m5!1m1!1s0x95bc95df04dd1783:0xaf1284fa39d22dd4!2m2!1d-58.8528578!2d-34.6151109!1m0?entry=ttu;-34.6151105,-58.8631576,15
Boulevard Circunvalacion Oeste 1899-2097 - esq. Pte. PerÃ³n (O)ArgentinaRÃ­o Cuarto - CÃ³rdoba;https://www.google.com.br/maps/dir/Au+Acceso+Oeste,+Provincia+de+Buenos+Aires,+Argentina/23+Bajada+Santa+RosaArgentinaCastelar+-+Buenos+Aires/@-34.6151105,-58.8631576,15z/data=!3m1!4b1!4m8!4m7!1m5!1m1!1s0x95bc95df04dd1783:0xaf1284fa39d22dd4!2m2!1d-58.8528578!2d-34.6151109!1m0?entry=ttu;-34.6151105,-58.8631576,15
Ruta Nac NÂ° 8 Km 605,5ArgentinaMendonza;https://www.google.com.br/maps/dir/Au+Acceso+Oeste,+Provincia+de+Buenos+Aires,+Argentina/23+Bajada+Santa+RosaArgentinaCastelar+-+Buenos+Aires/@-34.6151105,-58.8631576,15z/data=!3m1!4b1!4m8!4m7!1m5!1m1!1s0x95bc95df04dd1783:0xaf1284fa39d22dd4!2m2!1d-58.8528578!2d-34.6151109!1m0?entry=ttu;-34.6151105,-58.8631576,15
JUAN B JUSTO 4000ArgentinaCÃ³rdoba Capital;https://www.google.com.br/maps/dir/Au+Acceso+Oeste,+Provincia+de+Buenos+Aires,+Argentina/23+Bajada+Santa+RosaArgentinaCastelar+-+Buenos+Aires/@-34.6151105,-58.8631576,15z/data=!3m1!4b1!4m8!4m7!1m5!1m1!1s0x95bc95df04dd1783:0xaf1284fa39d22dd4!2m2!1d-58.8528578!2d-34.6151109!1m0?entry=ttu;-34.6151105,-58.8631576,15
Av. Pellegrini 1802 -ArgentinaRosario - Santa FÃ©;https://www.google.com.br/maps/dir/Au+Acceso+Oeste,+Provincia+de+Buenos+Aires,+Argentina/23+Bajada+Santa+RosaArgentinaCastelar+-+Buenos+Aires/@-34.6151105,-58.8631576,15z/data=!3m1!4b1!4m8!4m7!1m5!1m1!1s0x95bc95df04dd1783:0xaf1284fa39d22dd4!2m2!1d-58.8528578!2d-34.6151109!1m0?entry=ttu;-34.6151105,-58.8631576,15
Av. Eva PerÃ³n 7650ArgentinaRosario - Santa FÃ©;https://www.google.com.br/maps/dir/Au+Acceso+Oeste,+Provincia+de+Buenos+Aires,+Argentina/23+Bajada+Santa+RosaArgentinaCastelar+-+Buenos+Aires/@-34.6151105,-58.8631576,15z/data=!3m1!4b1!4m8!4m7!1m5!1m1!1s0x95bc95df04dd1783:0xaf1284fa39d22dd4!2m2!1d-58.8528578!2d-34.6151109!1m0?entry=ttu;-34.6151105,-58.8631576,15
Bv. OroÃ±o 4295ArgentinaRosario - Santa FÃ©;https://www.google.com.br/maps/dir/Au+Acceso+Oeste,+Provincia+de+Buenos+Aires,+Argentina/23+Bajada+Santa+RosaArgentinaCastelar+-+Buenos+Aires/@-34.6151105,-58.8631576,15z/data=!3m1!4b1!4m8!4m7!1m5!1m1!1s0x95bc95df04dd1783:0xaf1284fa39d22dd4!2m2!1d-58.8528578!2d-34.6151109!1m0?entry=ttu;-34.6151105,-58.8631576,15
Av. Acceso Norte y Manuel A. SÃ¡ez. 5539 Las Heras, Mendoza.ArgentinaMendonza;https://www.google.com.br/maps/dir/Au+Acceso+Oeste,+Provincia+de+Buenos+Aires,+Argentina/23+Bajada+Santa+RosaArgentinaCastelar+-+Buenos+Aires/@-34.6151105,-58.8631576,15z/data=!3m1!4b1!4m8!4m7!1m5!1m1!1s0x95bc95df04dd1783:0xaf1284fa39d22dd4!2m2!1d-58.8528578!2d-34.6151109!1m0?entry=ttu;-34.6151105,-58.8631576,15
Avenida JosÃ© Ignacio de la Roza Oeste 2341 (5400), San JuanArgentinaSan Juan;https://www.google.com.br/maps/dir/Au+Acceso+Oeste,+Provincia+de+Buenos+Aires,+Argentina/23+Bajada+Santa+RosaArgentinaCastelar+-+Buenos+Aires/@-34.6151105,-58.8631576,15z/data=!3m1!4b1!4m8!4m7!1m5!1m1!1s0x95bc95df04dd1783:0xaf1284fa39d22dd4!2m2!1d-58.8528578!2d-34.6151109!1m0?entry=ttu;-34.6151105,-58.8631576,15
Gdor. Deloqui 1027ArgentinaUshuaia;https://www.google.com.br/maps/dir/Au+Acceso+Oeste,+Provincia+de+Buenos+Aires,+Argentina/23+Bajada+Santa+RosaArgentinaCastelar+-+Buenos+Aires/@-34.6151105,-58.8631576,15z/data=!3m1!4b1!4m8!4m7!1m5!1m1!1s0x95bc95df04dd1783:0xaf1284fa39d22dd4!2m2!1d-58.8528578!2d-34.6151109!1m0?entry=ttu;-34.6151105,-58.8631576,15
RN Poratti 803 , esq. Arturo FrondiziArgentinaLa Plata - Buenos Aires;https://www.google.com.br/maps/dir/Au+Acceso+Oeste,+Provincia+de+Buenos+Aires,+Argentina/23+Bajada+Santa+RosaArgentinaCastelar+-+Buenos+Aires/@-34.6151105,-58.8631576,15z/data=!3m1!4b1!4m8!4m7!1m5!1m1!1s0x95bc95df04dd1783:0xaf1284fa39d22dd4!2m2!1d-58.8528578!2d-34.6151109!1m0?entry=ttu;-34.6151105,-58.8631576,15
GENERAL DEHEZA Buenos Aires 405ArgentinaCÃ³rdoba;https://www.google.com.br/maps/dir/Au+Acceso+Oeste,+Provincia+de+Buenos+Aires,+Argentina/23+Bajada+Santa+RosaArgentinaCastelar+-+Buenos+Aires/@-34.6151105,-58.8631576,15z/data=!3m1!4b1!4m8!4m7!1m5!1m1!1s0x95bc95df04dd1783:0xaf1284fa39d22dd4!2m2!1d-58.8528578!2d-34.6151109!1m0?entry=ttu;-34.6151105,-58.8631576,15
GENERAL CABRERA Santa Fe y JuninArgentinaCÃ³rdoba;https://www.google.com.br/maps/dir/Au+Acceso+Oeste,+Provincia+de+Buenos+Aires,+Argentina/23+Bajada+Santa+RosaArgentinaCastelar+-+Buenos+Aires/@-34.6151105,-58.8631576,15z/data=!3m1!4b1!4m8!4m7!1m5!1m1!1s0x95bc95df04dd1783:0xaf1284fa39d22dd4!2m2!1d-58.8528578!2d-34.6151109!1m0?entry=ttu;-34.6151105,-58.8631576,15
RIO TERCERO Av. Savio 1124ArgentinaCÃ³rdoba;https://www.google.com.br/maps/dir/Au+Acceso+Oeste,+Provincia+de+Buenos+Aires,+Argentina/23+Bajada+Santa+RosaArgentinaCastelar+-+Buenos+Aires/@-34.6151105,-58.8631576,15z/data=!3m1!4b1!4m8!4m7!1m5!1m1!1s0x95bc95df04dd1783:0xaf1284fa39d22dd4!2m2!1d-58.8528578!2d-34.6151109!1m0?entry=ttu;-34.6151105,-58.8631576,15
B.v. VÃ©lez Sarsfield 659ArgentinaCÃ³rdoba;https://www.google.com.br/maps/dir/Au+Acceso+Oeste,+Provincia+de+Buenos+Aires,+Argentina/23+Bajada+Santa+RosaArgentinaCastelar+-+Buenos+Aires/@-34.6151105,-58.8631576,15z/data=!3m1!4b1!4m8!4m7!1m5!1m1!1s0x95bc95df04dd1783:0xaf1284fa39d22dd4!2m2!1d-58.8528578!2d-34.6151109!1m0?entry=ttu;-34.6151105,-58.8631576,15
Av. H. Yrigoyen 13480ArgentinaAdroguÃ© - Buenos Aires;https://www.google.com.br/maps/dir/Au+Acceso+Oeste,+Provincia+de+Buenos+Aires,+Argentina/23+Bajada+Santa+RosaArgentinaCastelar+-+Buenos+Aires/@-34.6151105,-58.8631576,15z/data=!3m1!4b1!4m8!4m7!1m5!1m1!1s0x95bc95df04dd1783:0xaf1284fa39d22dd4!2m2!1d-58.8528578!2d-34.6151109!1m0?entry=ttu;-34.6151105,-58.8631576,15
Av. M. Castex 107ArgentinaCanning - Buenos Aires;https://www.google.com.br/maps/dir/Au+Acceso+Oeste,+Provincia+de+Buenos+Aires,+Argentina/23+Bajada+Santa+RosaArgentinaCastelar+-+Buenos+Aires/@-34.6151105,-58.8631576,15z/data=!3m1!4b1!4m8!4m7!1m5!1m1!1s0x95bc95df04dd1783:0xaf1284fa39d22dd4!2m2!1d-58.8528578!2d-34.6151109!1m0?entry=ttu;-34.6151105,-58.8631576,15
Comodoro Rivadavia N 9000ArgentinaChubut;https://www.google.com.br/maps/dir/Au+Acceso+Oeste,+Provincia+de+Buenos+Aires,+Argentina/23+Bajada+Santa+RosaArgentinaCastelar+-+Buenos+Aires/@-34.6151105,-58.8631576,15z/data=!3m1!4b1!4m8!4m7!1m5!1m1!1s0x95bc95df04dd1783:0xaf1284fa39d22dd4!2m2!1d-58.8528578!2d-34.6151109!1m0?entry=ttu;-34.6151105,-58.8631576,15
San MartÃ­n 2626ArgentinaNeuquÃ©n;https://www.google.com.br/maps/dir/Au+Acceso+Oeste,+Provincia+de+Buenos+Aires,+Argentina/23+Bajada+Santa+RosaArgentinaCastelar+-+Buenos+Aires/@-34.6151105,-58.8631576,15z/data=!3m1!4b1!4m8!4m7!1m5!1m1!1s0x95bc95df04dd1783:0xaf1284fa39d22dd4!2m2!1d-58.8528578!2d-34.6151109!1m0?entry=ttu;-34.6151105,-58.8631576,15
Guatemala 5640ArgentinaCABA;https://www.google.com.br/maps/dir/Au+Acceso+Oeste,+Provincia+de+Buenos+Aires,+Argentina/23+Bajada+Santa+RosaArgentinaCastelar+-+Buenos+Aires/@-34.6151105,-58.8631576,15z/data=!3m1!4b1!4m8!4m7!1m5!1m1!1s0x95bc95df04dd1783:0xaf1284fa39d22dd4!2m2!1d-58.8528578!2d-34.6151109!1m0?entry=ttu;-34.6151105,-58.8631576,15
Estanislao LÃ³pez 107 - Ruta 14ArgentinaSoldini - Santa FÃ©;https://www.google.com.br/maps/dir/Au+Acceso+Oeste,+Provincia+de+Buenos+Aires,+Argentina/23+Bajada+Santa+RosaArgentinaCastelar+-+Buenos+Aires/@-34.6151105,-58.8631576,15z/data=!3m1!4b1!4m8!4m7!1m5!1m1!1s0x95bc95df04dd1783:0xaf1284fa39d22dd4!2m2!1d-58.8528578!2d-34.6151109!1m0?entry=ttu;-34.6151105,-58.8631576,15
105 Eunos Avenue 3, Singapore, SingaporeCINGAPURA;https://www.google.com.br/maps/dir/Au+Acceso+Oeste,+Provincia+de+Buenos+Aires,+Argentina/23+Bajada+Santa+RosaArgentinaCastelar+-+Buenos+Aires/@-34.6151105,-58.8631576,15z/data=!3m1!4b1!4m8!4m7!1m5!1m1!1s0x95bc95df04dd1783:0xaf1284fa39d22dd4!2m2!1d-58.8528578!2d-34.6151109!1m0?entry=ttu;-34.6151105,-58.8631576,15
701 Edwards Ave Elmwood, LA 70123PAQUISTÃƒO;https://www.google.com.br/maps/dir/Au+Acceso+Oeste,+Provincia+de+Buenos+Aires,+Argentina/23+Bajada+Santa+RosaArgentinaCastelar+-+Buenos+Aires/@-34.6151105,-58.8631576,15z/data=!3m1!4b1!4m8!4m7!1m5!1m1!1s0x95bc95df04dd1783:0xaf1284fa39d22dd4!2m2!1d-58.8528578!2d-34.6151109!1m0?entry=ttu;-34.6151105,-58.8631576,15
1A, PhÃº Thuáº­n, Quáº­n 7, ThÃ nh phá»‘ Há»“ ChÃ­ Minh 700000, VietnÃ£VietnÃ£;https://www.google.com.br/maps/search/1A,+Ph%C3%83%C2%BA+Thu%C3%A1%C2%BA%C2%ADn,+Qu%C3%A1%C2%BA%C2%ADn+7,+Th%C3%83%C2%A0nh+ph%C3%A1%C2%BB%E2%80%98+H%C3%A1%C2%BB%E2%80%9C+Ch%C3%83%C2%AD+Minh+700000,+Vietn%C3%83%C2%A3Vietn%C3%83%C2%A3/@-22.9152203,-47.0486951,15z?entry=ttu;-22.9152203,-47.0486951,15
66-N Kitanlad, Lungsod Quezon, Kalakhang Maynila, FilipinasManila;https://www.google.com.br/maps/search/66-N+Kitanlad,+Lungsod+Quezon,+Kalakhang+Maynila,+FilipinasManila/@14.5964838,120.8971572,12z?entry=ttu;14.5964838,120.8971572,12
15-1Nishinohata Takanobayashi Chiyokawa Kameoka,Kyoto,JapanKyoto;https://www.google.com.br/maps/search/15-1Nishinohata+Takanobayashi+Chiyokawa+Kameoka,Kyoto,JapanKyoto/@35.0483715,135.5457736,17z?entry=ttu;35.0483715,135.5457736
100/H NEW ALIPORE BLOCK F,2ND FLOOR KOLKATA Kolkata WB 700053 INKOLKATA;https://www.google.com.br/maps/place/BLOCK+F,2ND+FLOOR,+100,+New+Alipore+Rd,+Buroshibtalla,+New+Alipore,+Kolkata,+West+Bengal+700053,+%C3%8Dndia/@22.5070475,88.3322428,17z/data=!3m1!4b1!4m5!3m4!1s0x3a0270b1caa7e8a3:0x7ff305d4d3b6f4b0!8m2!3d22.5070475!4d88.3348177?entry=ttu;22.5070475,88.3322428
No. 11, Section 2, Ren'ai Rd, Zhongzheng District, Taipei City, Taiwan 10055Taipei City;https://www.google.com.br/maps/search/No.+11,+Section+2,+Ren'ai+Rd,+Zhongzheng+District,+Taipei+City,+Taiwan+10055Taipei+City/@25.0385361,121.5162435,15z/data=!3m1!4b1?entry=ttu;25.0385361,121.5162435,15
No. 455 Jilin Rd. TaipeiTaipei City;https://www.google.com.br/maps/place/No.+455,+Jilin+Rd,+Zhongshan+District,+Taipei+City,+Taiwan+10491/@25.0675386,121.5279799,17z/data=!4m6!3m5!1s0x3442a950c7e09221:0xd797364eab4df80e!8m2!3d25.0675386!4d121.5305548!16s%2Fg%2F11csh6xx_9?entry=ttu;25.0675386,121.5279799
BenzstraÃŸe 3, 64546 MÃ¶rfelden-Walldorf;https://www.google.com.br/maps/search/Benzstra%C3%83%C5%B8e+3,+64546+M%C3%83%C2%B6rfelden-Walldorf/@13.6600253,-67.8392512,3z/data=!3m1!4b1?entry=ttu;13.6600253,-67.8392512,3
Harewood St, Tunstall ST6 5JZ;https://www.google.com.br/maps/place/Harewood+St,+Tunstall,+Stoke-on-Trent+ST6+5JZ,+Reino+Unido/@53.0555426,-2.217907,17z/data=!3m1!4b1!4m6!3m5!1s0x487a42c50cea09d1:0x382073a98895caef!8m2!3d53.0555426!4d-2.2153321!16s%2Fg%2F1wk4clfx?entry=ttu;53.0555426,-2.217907
JateÄnÃ­ 862/32, 301 00 PlzeÅˆ 4-VÃ½chodnÃ­ PÅ™edmÄ›stÃ­, TchÃ©quiaRepÃºblica Tcheca;https://www.google.com.br/maps/search/Jate%C3%84%C2%8Dn%C3%83%C2%AD+862%2F32,+301+00+Plze%C3%85%CB%86+4-V%C3%83%C2%BDchodn%C3%83%C2%AD+P%C3%85%E2%84%A2edm%C3%84%E2%80%BAst%C3%83%C2%AD,+Tch%C3%83%C2%A9quiaRep%C3%83%C2%BAblica+Tcheca/@53.0555426,-2.217907,17z?entry=ttu;53.0555426,-2.217907
5-15 Epsom Rd, Rosebery NSW 2018SYDNEY;https://www.google.com.br/maps/place/5%2F15+Epsom+Rd,+Rosebery+NSW+2018,+Austr%C3%A1lia/@-33.910897,151.2007311,17z/data=!4m6!3m5!1s0x6b12b1b920d5f2cf:0x377f2a2eb421f422!8m2!3d-33.910897!4d151.203306!16s%2Fg%2F11q2nfzgw9?entry=ttu;-33.910897,151.2007311
538 Mt Alexander Rd, Ascot Vale VIC 3032, AustrÃ¡liaVICTORIA;https://www.google.com.br/maps/place/Elegance+Tiles+Ascot+Vale/@-37.7741499,144.9252691,17z/data=!4m6!3m5!1s0x6ad65cfaccef6103:0xc2228e251cbb0d1!8m2!3d-37.7741499!4d144.927844!16s%2Fg%2F1tk1n3t3?entry=ttu;-37.7741499,144.9252691
Av. InteroceÃ¡nica Km 20, junto al intercambiador Pifo, Quito, EcuadorQuito - Pifo;https://www.google.com.br/maps/search/Av.+Interoce%C3%83%C2%A1nica+Km+20,+junto+al+intercambiador+Pifo,+Quito,+EcuadorQuito+-+Pifo/@-0.2329375,-78.3430041,17z/data=!3m1!4b1?entry=ttu;-0.2329375,-78.3430041
Calle de los Naranjos N44-270 Av. de los Granados Quito, EcuadorQuito - Granado;https://www.google.com.br/maps/search/Calle+de+los+Naranjos+N44-270+Av.+de+los+Granados+Quito,+EcuadorQuito+-+Granado/@-0.162951,-78.467268,17z?entry=ttu;-0.162951,-78.467268
Av. LeÃ³n Febres Cordero Km. 13.5 VÃ­a La Puntilla, Plaza Design Guayaquil, EcuadorGuayaquil;https://www.google.com.br/maps/search/Av.+Le%C3%83%C2%B3n+Febres+Cordero+Km.+13.5+V%C3%83%C2%ADa+La+Puntilla,+Plaza+Design+Guayaquil,+EcuadorGuayaquil/@-2.0508113,-79.9133712,16z/data=!3m1!4b1?entry=ttu;-2.0508113,-79.9133712,16
Av. CircunvalaciÃ³n s/n â€“ Av. 38 Manta, EcuadorManta;https://www.google.com.br/maps/search/Av.+Circunvalaci%C3%83%C2%B3n+s%2Fn+%C3%A2%E2%82%AC%E2%80%9C+Av.+38+Manta,+EcuadorManta/@-0.9554357,-80.7447219,17z?entry=ttu;-0.9554357,-80.7447219
Cl. 135 #45-16, BogotÃ¡, ColÃ´mbiaColÃ´mbiaBogotÃ¡ - Autopista Norte;https://www.google.com.br/maps/search/Cl.+135+%2345-16,+Bogot%C3%83%C2%A1,+Col%C3%83%C2%B4mbiaCol%C3%83%C2%B4mbiaBogot%C3%83%C2%A1+-+Autopista+Norte/@4.7211165,-74.0545499,17z?entry=ttu;4.7211165,-74.0545499
Carrera 67a # 95-69 Local 11 - Junto a Cafam de, BogotÃ¡, Cundinamarca, ColÃ´mbiaColÃ´mbiaBogotÃ¡ - Av 68;https://www.google.com.br/maps/place/DECORCERAMICA+*+Avda.68+Bogot%C3%A1/@4.6872885,-74.0758149,17z/data=!4m6!3m5!1s0x8e3f9ade3deb6907:0xeb6c478f908465b0!8m2!3d4.6872885!4d-74.07324!16s%2Fg%2F11b6zk9wcp?entry=ttu;4.6872885,-74.0758149
Cra. 11 No. 93a - 83, BogotÃ¡, ColÃ´mbiaColÃ´mbiaBogotÃ¡ - Torre DC;https://www.google.com.br/maps/search/Cra.+11+No.+93a+-+83,+Bogot%C3%83%C2%A1,+Col%C3%83%C2%B4mbiaCol%C3%83%C2%B4mbiaBogot%C3%83%C2%A1+-+Torre+DC/@4.6769224,-74.0490462,17z?entry=ttu;4.6769224,-74.0490462
Av. Cra 19 #100-40, UsaquÃ©n, BogotÃ¡, Cundinamarca, ColÃ´mbiaColÃ´mbiaBogotÃ¡ - Av 19;https://www.google.com.br/maps/place/WeWork+Espacio+de+Oficinas+%26+Coworking/@4.6867551,-74.0547294,17z/data=!4m6!3m5!1s0x8e3f9b9f2314647d:0x2eaab5e228d856d8!8m2!3d4.6867551!4d-74.0521545!16s%2Fg%2F11h71y5lb1?entry=ttu;4.6867551,-74.0547294
Av. Cdad. de Lima #28-80 Piso 2 Local B74, Los MÃ¡rtires, BogotÃ¡, Cundinamarca, ColÃ´mbiaColÃ´mbiaBogotÃ¡ - Centro Comercial Mall Plaza;https://www.google.com.br/maps/search/Av.+Cdad.+de+Lima+%2328-80+Piso+2+Local+B74,+Los+M%C3%83%C2%A1rtires,+Bogot%C3%83%C2%A1,+Cundinamarca,+Col%C3%83%C2%B4mbiaCol%C3%83%C2%B4mbiaBogot%C3%83%C2%A1+-+Centro+Comercial+Mall+Plaza/@4.6535668,-74.1763033,12z?entry=ttu;4.6535668,-74.1763033,12
Cra 40A, Av. Panamericana # 19Aâ€“88, Pasto, NariÃ±o, ColÃ´mbiaPasto;https://www.google.com.br/maps/search/Cra+40A,+Av.+Panamericana+%23+19A%C3%A2%E2%82%AC%E2%80%9C88,+Pasto,+Nari%C3%83%C2%B1o,+Col%C3%83%C2%B4mbiaPasto/@1.2305053,-77.2881148,17z/data=!3m1!4b1?entry=ttu;1.2305053,-77.2881148
Avenida Pasoancho #75 - 142, Cdad. Capri, Cali, Valle del Cauca, ColÃ´mbiaCali - Av Pasoancho;https://www.google.com.br/maps/search/Avenida+Pasoancho+%2375+-+142,+Cdad.+Capri,+Cali,+Valle+del+Cauca,+Col%C3%83%C2%B4mbiaCali+-+Av+Pasoancho/@3.3899029,-76.5414306,17z?entry=ttu;3.3899029,-76.5414306
Cra. 1 #62-80 Local 123 - 202, COMUNA 4, Cali, Valle del Cauca, ColÃ´mbiaCali - IDEO;https://www.google.com.br/maps/place/IDEO+CALI+Mall/@3.4816291,-76.501444,17z/data=!3m1!4b1!4m6!3m5!1s0x8e30a7d589c2447d:0xada224b28bbbcb4c!8m2!3d3.4816291!4d-76.4988691!16s%2Fg%2F11c5zzwxxr?entry=ttu;3.4816291,-76.501444
Av. Pasoancho #73 - 34, Cdad. Capri, Cali, Valle del Cauca, ColÃ´mbiaCali - Outlet;https://www.google.com.br/maps/search/Av.+Pasoancho+%2373+-+34,+Cdad.+Capri,+Cali,+Valle+del+Cauca,+Col%C3%83%C2%B4mbiaCali+-+Outlet/@3.3899029,-76.5414306,17z?entry=ttu;3.3899029,-76.5414306
Av. 30 de Agosto #41 - 12, Pereira, Risaralda, ColÃ´mbiaPereira;https://www.google.com.br/maps/search/Av.+30+de+Agosto+%2341+-+12,+Pereira,+Risaralda,+Col%C3%83%C2%B4mbiaPereira/@4.8107351,-75.8242854,12z/data=!3m1!4b1?entry=ttu;4.8107351,-75.8242854,12
Edificio Tramonti, Car 23 #69a - 96 Local 1, Manizales, Caldas, ColÃ´mbiaManizales;https://www.google.com.br/maps/place/EDIFICIO+CAMILA/@5.0482139,-75.4821401,17z/data=!3m1!4b1!4m6!3m5!1s0x8e4765abbb4819c1:0xcecb69a0effbc3eb!8m2!3d5.0482139!4d-75.4795652!16s%2Fg%2F11h4tckk4p?entry=ttu;5.0482139,-75.4821401
Cl. 5 #2-70, Cartagena de Indias, Provincia de Cartagena, BolÃ­var, ColÃ´mbiaCartagena;https://www.google.com.br/maps/search/Cl.+5+%232-70,+Cartagena+de+Indias,+Provincia+de+Cartagena,+Bol%C3%83%C2%ADvar,+Col%C3%83%C2%B4mbiaCartagena/@10.4001672,-75.5909284,12z/data=!3m1!4b1?entry=ttu;10.4001672,-75.5909284,12
Sentido Norte/Sur, Cra. 6 #6-60, Armenia, QuindÃ­o, ColÃ´mbiaArmenia;https://www.google.com.br/maps/search/Sentido+Norte%2FSur,+Cra.+6+%236-60,+Armenia,+Quind%C3%83%C2%ADo,+Col%C3%83%C2%B4mbiaArmenia/@10.4001672,-75.5909284,12z?entry=ttu;10.4001672,-75.5909284,12
Cl. 41 #15d 43 PortalDeLaCandelaria, MonterÃ­a, CÃ³rdoba, ColÃ´mbiaMonterÃ­a;https://www.google.com.br/maps/search/Cl.+41+%2315d+43+PortalDeLaCandelaria,+Monter%C3%83%C2%ADa,+C%C3%83%C2%B3rdoba,+Col%C3%83%C2%B4mbiaMonter%C3%83%C2%ADa/@8.7638905,-75.8976787,14z/data=!3m1!4b1?entry=ttu;8.7638905,-75.8976787,14
Cl. 45 #26 - 45, Bucaramanga, Santander, ColÃ´mbiaBucaramanga;https://www.google.com.br/maps/search/Cl.+45+%2326+-+45,+Bucaramanga,+Santander,+Col%C3%83%C2%B4mbiaBucaramanga/@7.1198584,-73.1312918,15z/data=!3m1!4b1?entry=ttu;7.1198584,-73.1312918,15
Cra. 51B #93-107, Riomar, Barranquilla, AtlÃ¡ntico, ColÃ´mbiaBarranquilla;https://www.google.com.br/maps/search/Cra.+51B+%2393-107,+Riomar,+Barranquilla,+Atl%C3%83%C2%A1ntico,+Col%C3%83%C2%B4mbiaBarranquilla/@11.0109363,-74.8286202,17z/data=!3m1!4b1?entry=ttu;11.0109363,-74.8286202
Cra. 9 #10 - 44, Valledupar, Cesar, ColÃ´mbiaValledupar;https://www.google.com.br/maps/search/Cra.+9+%2310+-+44,+Valledupar,+Cesar,+Col%C3%83%C2%B4mbiaValledupar/@10.4658755,-73.2978904,13z/data=!3m1!4b1?entry=ttu;10.4658755,-73.2978904,13
Cl. 45 #26 - 45, Bucaramanga, Santander, ColÃ´mbiaBucaramanga;https://www.google.com.br/maps/search/Cl.+45+%2326+-+45,+Bucaramanga,+Santander,+Col%C3%83%C2%B4mbiaBucaramanga/@7.1198584,-73.1312918,15z/data=!3m1!4b1?entry=ttu;7.1198584,-73.1312918,15
Av. Del Ferrocarril #26B-12, Comuna 2, Santa Marta, Magdalena, ColÃ´mbiaSanta Marta;https://www.google.com.br/maps/search/Av.+Del+Ferrocarril+%2326B-12,+Comuna+2,+Santa+Marta,+Magdalena,+Col%C3%83%C2%B4mbiaSanta+Marta/@11.2355502,-74.2065209,17z/data=!3m1!4b1?entry=ttu;11.2355502,-74.2065209
B/ Popular, La Gran Colombia #6E-86, CÃºcuta, Norte de Santander, ColÃ´mbiaCÃºcuta;https://www.google.com.br/maps/search/B%2F+Popular,+La+Gran+Colombia+%236E-86,+C%C3%83%C2%BAcuta,+Norte+de+Santander,+Col%C3%83%C2%B4mbiaC%C3%83%C2%BAcuta/@7.8934867,-72.4940437,17z?entry=ttu;7.8934867,-72.4940437
Cra. 5 #29-71 Local 104, IbaguÃ©, Tolima, ColÃ´mbiaIbaguÃ©;https://www.google.com.br/maps/search/Cra.+5+%2329-71+Local+104,+Ibagu%C3%83%C2%A9,+Tolima,+Col%C3%83%C2%B4mbiaIbagu%C3%83%C2%A9/@4.4344409,-75.2248823,14z/data=!3m1!4b1?entry=ttu;4.4344409,-75.2248823,14
Cra 42, Auto. S #75-83, MedellÃ­n, ColÃ´mbiaMedellin;https://www.google.com.br/maps/search/Cra+42,+Auto.+S+%2375-83,+Medell%C3%83%C2%ADn,+Col%C3%83%C2%B4mbiaMedellin/@6.2457026,-75.5648239,17z?entry=ttu;6.2457026,-75.5648239
Cra 42, Auto. S #75-83, MedellÃ­n, ColÃ´mbiaItagui;https://www.google.com.br/maps/search/Cra+42,+Auto.+S+%2375-83,+Medell%C3%83%C2%ADn,+Col%C3%83%C2%B4mbiaItagui/@6.2456834,-75.644652,12z/data=!3m1!4b1?entry=ttu;6.2456834,-75.644652,12
Avda. Carrera 7a con, Cl. 6a, Neiva, Huila, ColÃ´mbiaNeiva;https://www.google.com.br/maps/search/Avda.+Carrera+7a+con,+Cl.+6a,+Neiva,+Huila,+Col%C3%83%C2%B4mbiaNeiva/@2.7559583,-75.603431,10z/data=!3m1!4b1?entry=ttu;2.7559583,-75.603431,10
Carrera 22, Cra. 33 #8D - 96, Villavicencio, Meta, ColÃ´mbiaVillavicencio;https://www.google.com.br/maps/search/Carrera+22,+Cra.+33+%238D+-+96,+Villavicencio,+Meta,+Col%C3%83%C2%B4mbiaVillavicencio/@4.1323553,-73.6275525,17z/data=!3m1!4b1?entry=ttu;4.1323553,-73.6275525
Ed. Centro Empresarial Agua Clara, Cra. 5 # 13-134 Km. 2.7 VÃ­a, CajicÃ¡ - ChÃ­a, ChÃ­a, Cundinamarca, ColÃ´mbiaChÃ­a;https://www.google.com.br/maps/place/Nou+Business+Center/@4.9066126,-74.031432,17z/data=!4m6!3m5!1s0x8e40777febbade33:0xa28811924e3d3dfd!8m2!3d4.9066126!4d-74.0288571!16s%2Fg%2F11dxq_f50s?entry=ttu;4.9066126,-74.031432
Cra. 9 #60N-151, PopayÃ¡n, Cauca, ColÃ´mbiaPopayÃ¡n;https://www.google.com.br/maps/search/Cra.+9+%2360N-151,+Popay%C3%83%C2%A1n,+Cauca,+Col%C3%83%C2%B4mbiaPopay%C3%83%C2%A1n/@2.4635616,-76.6491714,13z/data=!3m1!4b1?entry=ttu;2.4635616,-76.6491714,13
Avda. Rivera 2560UruguaiMontevideo;https://www.google.com.br/maps/place/Av.Gral+Rivera+2560,+11300+Montevideo,+Departamento+de+Montevideo,+Uruguai/@-34.9031318,-56.162711,17z/data=!4m6!3m5!1s0x959f81a82a21a579:0xbd6abdbc79658fb0!8m2!3d-34.9031318!4d-56.1601361!16s%2Fg%2F11c2g00bs2?entry=ttu;-34.9031318,-56.162711
Avda. EspaÃ±a Pda. 27AUruguaiPunta del Este;https://www.google.com.br/maps/search/Avda.+Espa%C3%83%C2%B1a+Pda.+27AUruguaiPunta+del+Este/@-34.9031318,-56.162711,17z?entry=ttu;-34.9031318,-56.162711
JosÃ© Miguel Carrera, Antofagasta, Antofagasta - 1270037ChileAntofagasta;https://www.google.com.br/maps/search/Jos%C3%83%C2%A9+Miguel+Carrera,+Antofagasta,+Antofagasta+-+1270037ChileAntofagasta/@-23.6584405,-70.4120792,15z/data=!3m1!4b1?entry=ttu;-23.6584405,-70.4120792,15
Avenida Las Condes, Santiago, RegiÃ³n Metropolitana - 7630000ChileSantiago;https://www.google.com.br/maps/search/Avenida+Las+Condes,+Santiago,+Regi%C3%83%C2%B3n+Metropolitana+-+7630000ChileSantiago/@-33.3822357,-70.5348274,17z?entry=ttu;-33.3822357,-70.5348274
Norte, Valparaiso, ValparaÃ­so - 2520000ChileViÃ±a del Mar;https://www.google.com.br/maps/search/Norte,+Valparaiso,+Valpara%C3%83%C2%ADso+-+2520000ChileVi%C3%83%C2%B1a+del+Mar/@-16.093734,-48.066929,12z?entry=ttu;-16.093734,-48.066929,12
VÃ­ctor Lamas, Concepcion, BÃ­o BÃ­o - 4070394ChileConcepciÃ³n;https://www.google.com.br/maps/search/V%C3%83%C2%ADctor+Lamas,+Concepcion,+B%C3%83%C2%ADo+B%C3%83%C2%ADo+-+4070394ChileConcepci%C3%83%C2%B3n/@-36.8324698,-73.0501653,17z?entry=ttu;-36.8324698,-73.0501653
Diego Barros Arana, Osorno, Los Lagos - 5290000ChileOsorno;https://www.google.com.br/maps/search/Diego+Barros+Arana,+Osorno,+Los+Lagos+-+5290000ChileOsorno/@-40.5811817,-73.1303902,17z/data=!3m1!4b1?entry=ttu;-40.5811817,-73.1303902
Parque Industrial, Llanquihue, Los Lagos - 5500000ChilePuerto Montt;https://www.google.com.br/maps/search/Parque+Industrial,+Llanquihue,+Los+Lagos+-+5500000ChilePuerto+Montt/@-41.3492814,-73.1722011,11z/data=!3m1!4b1?entry=ttu;-41.3492814,-73.1722011,11
Avenida CapitÃ¡n RamÃ³n Freire, Cachapoal, O'Higgins - 2841017ChileRancagua;https://www.google.com.br/maps/search/Avenida+Capit%C3%83%C2%A1n+Ram%C3%83%C2%B3n+Freire,+Cachapoal,+O'Higgins+-+2841017ChileRancagua/@-34.1748743,-70.7387267,17z?entry=ttu;-34.1748743,-70.7387267
Calle 30 Oriente, Talca, Maule - 3460000ChileTalca;https://www.google.com.br/maps/place/Calle+30+Ote.,+Talca,+Maule,+Chile/@-35.439315,-71.6346367,17z/data=!3m1!4b1!4m6!3m5!1s0x9665c132d32c1d53:0x37ecc6bc00659e3!8m2!3d-35.439315!4d-71.6320618!16s%2Fg%2F1tkc39q4?entry=ttu;-35.439315,-71.6346367
Avenida Alemania, CautÃ­n, AraucanÃ­a - 4810143ChileTemuco;https://www.google.com.br/maps/search/Avenida+Alemania,+Caut%C3%83%C2%ADn,+Araucan%C3%83%C2%ADa+-+4810143ChileTemuco/@-38.7339831,-72.6160747,17z/data=!3m1!4b1?entry=ttu;-38.7339831,-72.6160747
Acceso A Camino A Cato, Provincia de DiguillÃ­n, Ã‘uble - 3780000ChileChillÃ¡n;https://www.google.com.br/maps/search/Acceso+A+Camino+A+Cato,+Provincia+de+Diguill%C3%83%C2%ADn,+%C3%83%E2%80%98uble+-+3780000ChileChill%C3%83%C2%A1n/@-38.7339831,-72.6160747,17z?entry=ttu;-38.7339831,-72.6160747
Avenida Las Condes, Santiago, RegiÃ³n Metropolitana - 7650006ChileStudio - Santiago;https://www.google.com.br/maps/search/Avenida+Las+Condes,+Santiago,+Regi%C3%83%C2%B3n+Metropolitana+-+7650006ChileStudio+-+Santiago/@-33.3822357,-70.5348274,17z?entry=ttu;-33.3822357,-70.5348274
Avenida Grecia, El Loa, Antofagasta - 1390000ChileCalama;https://www.google.com.br/maps/search/Avenida+Grecia,+El+Loa,+Antofagasta+-+1390000ChileCalama/@-22.6092882,-71.3567411,7z?entry=ttu;-22.6092882,-71.3567411,7
C.C. Dicentro - FusiÃ³n - local 37, Av. Juan Tanca Marengo, Guayaquil 090501, EquadorEquadorGuayaquil;https://www.google.com.br/maps/search/C.C.+Dicentro+-+Fusi%C3%83%C2%B3n+-+local+37,+Av.+Juan+Tanca+Marengo,+Guayaquil+090501,+EquadorEquadorGuayaquil/@-2.1501875,-79.9094533,15z/data=!3m1!4b1?entry=ttu;-2.1501875,-79.9094533,15
Av. Parra 233Cercado de ArequipaPeruArequipa;https://www.google.com.br/maps/search/Av.+Parra+233Cercado+de+ArequipaPeruArequipa/@-2.1501875,-79.9094533,15z?entry=ttu;-2.1501875,-79.9094533,15
Av. Salaverry 480PatazcaPeruChiclayo;https://www.google.com.br/maps/search/Av.+Salaverry+480PatazcaPeruChiclayo/@-7.268251,-80.0635666,8z/data=!3m1!4b1?entry=ttu;-7.268251,-80.0635666,8
Av. La Molina 473AtePeruLima - La Molina;https://www.google.com.br/maps/dir/Av.+la+Molina+473,+Ate+03,+Peru/La+Molina,+Peru/@-12.0697145,-76.9658264,14z/data=!3m1!4b1!4m13!4m12!1m5!1m1!1s0x9105c6f4e0c8b14d:0xa399d9db9f60834a!2m2!1d-76.9611063!2d-12.0613423!1m5!1m1!1s0x9105c72728f1e9c3:0xe561ad9645daa02c!2m2!1d-76.928234!2d-12.0820196?entry=ttu;-12.0697145,-76.9658264,14
Av. RepÃºblica de PanamÃ¡ 3588San IsidroPanamÃ¡Lima - Rep Panama;https://www.google.com.br/maps/dir/Av.+la+Molina+473,+Ate+03,+Peru/La+Molina,+Peru/@-12.0697145,-76.9658264,14z/data=!3m1!4b1!4m13!4m12!1m5!1m1!1s0x9105c6f4e0c8b14d:0xa399d9db9f60834a!2m2!1d-76.9611063!2d-12.0613423!1m5!1m1!1s0x9105c72728f1e9c3:0xe561ad9645daa02c!2m2!1d-76.928234!2d-12.0820196?entry=ttu;-12.0697145,-76.9658264,14
Av. Salaverry 2620Magdalena del MarPeruLima - Salaverry;https://www.google.com.br/maps/dir/Av.+la+Molina+473,+Ate+03,+Peru/La+Molina,+Peru/@-12.0697145,-76.9658264,14z/data=!3m1!4b1!4m13!4m12!1m5!1m1!1s0x9105c6f4e0c8b14d:0xa399d9db9f60834a!2m2!1d-76.9611063!2d-12.0613423!1m5!1m1!1s0x9105c72728f1e9c3:0xe561ad9645daa02c!2m2!1d-76.928234!2d-12.0820196?entry=ttu;-12.0697145,-76.9658264,14
Av. Larco 904 Urb. San AndrÃ©sTrujilloPeruTrujillo;https://www.google.com.br/maps/dir/Av.+la+Molina+473,+Ate+03,+Peru/La+Molina,+Peru/@-12.0697145,-76.9658264,14z/data=!3m1!4b1!4m13!4m12!1m5!1m1!1s0x9105c6f4e0c8b14d:0xa399d9db9f60834a!2m2!1d-76.9611063!2d-12.0613423!1m5!1m1!1s0x9105c72728f1e9c3:0xe561ad9645daa02c!2m2!1d-76.928234!2d-12.0820196?entry=ttu;-12.0697145,-76.9658264,14
Av. Cusco 314TacnaPeruTacna;https://www.google.com.br/maps/dir/Av.+la+Molina+473,+Ate+03,+Peru/La+Molina,+Peru/@-12.0697145,-76.9658264,14z/data=!3m1!4b1!4m13!4m12!1m5!1m1!1s0x9105c6f4e0c8b14d:0xa399d9db9f60834a!2m2!1d-76.9611063!2d-12.0613423!1m5!1m1!1s0x9105c72728f1e9c3:0xe561ad9645daa02c!2m2!1d-76.928234!2d-12.0820196?entry=ttu;-12.0697145,-76.9658264,14
Av. Mariscal Castilla 1926 -1928 Urb. TamboHuancayoPeruHuancayo;https://www.google.com.br/maps/dir/Av.+la+Molina+473,+Ate+03,+Peru/La+Molina,+Peru/@-12.0697145,-76.9658264,14z/data=!3m1!4b1!4m13!4m12!1m5!1m1!1s0x9105c6f4e0c8b14d:0xa399d9db9f60834a!2m2!1d-76.9611063!2d-12.0613423!1m5!1m1!1s0x9105c72728f1e9c3:0xe561ad9645daa02c!2m2!1d-76.928234!2d-12.0820196?entry=ttu;-12.0697145,-76.9658264,14
Av. Grau 1531 Urb. San JosÃ©PiuraPeruPiura;https://www.google.com.br/maps/dir/Av.+la+Molina+473,+Ate+03,+Peru/La+Molina,+Peru/@-12.0697145,-76.9658264,14z/data=!3m1!4b1!4m13!4m12!1m5!1m1!1s0x9105c6f4e0c8b14d:0xa399d9db9f60834a!2m2!1d-76.9611063!2d-12.0613423!1m5!1m1!1s0x9105c72728f1e9c3:0xe561ad9645daa02c!2m2!1d-76.928234!2d-12.0820196?entry=ttu;-12.0697145,-76.9658264,14
Av Victor Raul Haya de la Torre Mz A-Z Lt 25, Chimbote, PeruPeruChimbote;https://www.google.com.br/maps/dir/Av.+la+Molina+473,+Ate+03,+Peru/La+Molina,+Peru/@-12.0697145,-76.9658264,14z/data=!3m1!4b1!4m13!4m12!1m5!1m1!1s0x9105c6f4e0c8b14d:0xa399d9db9f60834a!2m2!1d-76.9611063!2d-12.0613423!1m5!1m1!1s0x9105c72728f1e9c3:0xe561ad9645daa02c!2m2!1d-76.928234!2d-12.0820196?entry=ttu;-12.0697145,-76.9658264,14
Av. Los Maestros Mz. D Lt. 5 Urb. San JosÃ©IcaPeruIca;https://www.google.com.br/maps/dir/Av.+la+Molina+473,+Ate+03,+Peru/La+Molina,+Peru/@-12.0697145,-76.9658264,14z/data=!3m1!4b1!4m13!4m12!1m5!1m1!1s0x9105c6f4e0c8b14d:0xa399d9db9f60834a!2m2!1d-76.9611063!2d-12.0613423!1m5!1m1!1s0x9105c72728f1e9c3:0xe561ad9645daa02c!2m2!1d-76.928234!2d-12.0820196?entry=ttu;-12.0697145,-76.9658264,14
Av Cristo Redentor, Santa Cruz de la Sierra, BolÃ­viaBolÃ­via, Estado Plurinacional DaSanta Cruz de la Sierra;https://www.google.com.br/maps/dir/Av.+la+Molina+473,+Ate+03,+Peru/La+Molina,+Peru/@-12.0697145,-76.9658264,14z/data=!3m1!4b1!4m13!4m12!1m5!1m1!1s0x9105c6f4e0c8b14d:0xa399d9db9f60834a!2m2!1d-76.9611063!2d-12.0613423!1m5!1m1!1s0x9105c72728f1e9c3:0xe561ad9645daa02c!2m2!1d-76.928234!2d-12.0820196?entry=ttu;-12.0697145,-76.9658264,14
Av. Busch, Santa Cruz de la Sierra, BolÃ­viaBolÃ­via, Estado Plurinacional DaSanta Cruz de la Sierra;https://www.google.com.br/maps/dir/Av.+la+Molina+473,+Ate+03,+Peru/La+Molina,+Peru/@-12.0697145,-76.9658264,14z/data=!3m1!4b1!4m13!4m12!1m5!1m1!1s0x9105c6f4e0c8b14d:0xa399d9db9f60834a!2m2!1d-76.9611063!2d-12.0613423!1m5!1m1!1s0x9105c72728f1e9c3:0xe561ad9645daa02c!2m2!1d-76.928234!2d-12.0820196?entry=ttu;-12.0697145,-76.9658264,14
Santa Cruz de la Sierra, BolÃ­viaBolÃ­via, Estado Plurinacional DaSanta Cruz de la Sierra;https://www.google.com.br/maps/dir/Av.+la+Molina+473,+Ate+03,+Peru/La+Molina,+Peru/@-12.0697145,-76.9658264,14z/data=!3m1!4b1!4m13!4m12!1m5!1m1!1s0x9105c6f4e0c8b14d:0xa399d9db9f60834a!2m2!1d-76.9611063!2d-12.0613423!1m5!1m1!1s0x9105c72728f1e9c3:0xe561ad9645daa02c!2m2!1d-76.928234!2d-12.0820196?entry=ttu;-12.0697145,-76.9658264,14
FRGM+V7H, El Alto, BolÃ­viaBolÃ­via, Estado Plurinacional DaEl Alto;https://www.google.com.br/maps/dir/Av.+la+Molina+473,+Ate+03,+Peru/La+Molina,+Peru/@-12.0697145,-76.9658264,14z/data=!3m1!4b1!4m13!4m12!1m5!1m1!1s0x9105c6f4e0c8b14d:0xa399d9db9f60834a!2m2!1d-76.9611063!2d-12.0613423!1m5!1m1!1s0x9105c72728f1e9c3:0xe561ad9645daa02c!2m2!1d-76.928234!2d-12.0820196?entry=ttu;-12.0697145,-76.9658264,14
5912783867, BolÃ­viaBolÃ­via, Estado Plurinacional DaLa Paz;https://www.google.com.br/maps/dir/Av.+la+Molina+473,+Ate+03,+Peru/La+Molina,+Peru/@-12.0697145,-76.9658264,14z/data=!3m1!4b1!4m13!4m12!1m5!1m1!1s0x9105c6f4e0c8b14d:0xa399d9db9f60834a!2m2!1d-76.9611063!2d-12.0613423!1m5!1m1!1s0x9105c72728f1e9c3:0xe561ad9645daa02c!2m2!1d-76.928234!2d-12.0820196?entry=ttu;-12.0697145,-76.9658264,14
"Av. LeÃ³n Febres Cordero Km. 13,5 VÃ­a La Puntilla-Pascuales. Frente al parque ""La paz""EquadorGuayaquil";https://www.google.com.br/maps/dir/Av.+la+Molina+473,+Ate+03,+Peru/La+Molina,+Peru/@-12.0697145,-76.9658264,14z/data=!3m1!4b1!4m13!4m12!1m5!1m1!1s0x9105c6f4e0c8b14d:0xa399d9db9f60834a!2m2!1d-76.9611063!2d-12.0613423!1m5!1m1!1s0x9105c72728f1e9c3:0xe561ad9645daa02c!2m2!1d-76.928234!2d-12.0820196?entry=ttu;-12.0697145,-76.9658264,14
Km 10.5 vÃ­a SamborondÃ³n Junto a Amagua, Plaza Proyecto Local 25.EquadorGuayaquil;https://www.google.com.br/maps/dir/Av.+la+Molina+473,+Ate+03,+Peru/La+Molina,+Peru/@-12.0697145,-76.9658264,14z/data=!3m1!4b1!4m13!4m12!1m5!1m1!1s0x9105c6f4e0c8b14d:0xa399d9db9f60834a!2m2!1d-76.9611063!2d-12.0613423!1m5!1m1!1s0x9105c72728f1e9c3:0xe561ad9645daa02c!2m2!1d-76.928234!2d-12.0820196?entry=ttu;-12.0697145,-76.9658264,14
Av. InteroceÃ¡nica pasando Ventura Mall y MetrocarQuito;https://www.google.com.br/maps/dir/Av.+la+Molina+473,+Ate+03,+Peru/La+Molina,+Peru/@-12.0697145,-76.9658264,14z/data=!3m1!4b1!4m13!4m12!1m5!1m1!1s0x9105c6f4e0c8b14d:0xa399d9db9f60834a!2m2!1d-76.9611063!2d-12.0613423!1m5!1m1!1s0x9105c72728f1e9c3:0xe561ad9645daa02c!2m2!1d-76.928234!2d-12.0820196?entry=ttu;-12.0697145,-76.9658264,14
Av. Mariscal Sucre, diagonal al C.C. El BosqueQuito;https://www.google.com.br/maps/dir/Av.+la+Molina+473,+Ate+03,+Peru/La+Molina,+Peru/@-12.0697145,-76.9658264,14z/data=!3m1!4b1!4m13!4m12!1m5!1m1!1s0x9105c6f4e0c8b14d:0xa399d9db9f60834a!2m2!1d-76.9611063!2d-12.0613423!1m5!1m1!1s0x9105c72728f1e9c3:0xe561ad9645daa02c!2m2!1d-76.928234!2d-12.0820196?entry=ttu;-12.0697145,-76.9658264,14
Centro Comercial â€œLaguna Mallâ€ Av. Mariano Acosta y  Av. Fray Vacas GalindoIbarra;https://www.google.com.br/maps/dir/Av.+la+Molina+473,+Ate+03,+Peru/La+Molina,+Peru/@-12.0697145,-76.9658264,14z/data=!3m1!4b1!4m13!4m12!1m5!1m1!1s0x9105c6f4e0c8b14d:0xa399d9db9f60834a!2m2!1d-76.9611063!2d-12.0613423!1m5!1m1!1s0x9105c72728f1e9c3:0xe561ad9645daa02c!2m2!1d-76.928234!2d-12.0820196?entry=ttu;-12.0697145,-76.9658264,14
Av. OrdÃ³Ã±ez Lasso y La Higuerilla, sector Oro VerdeCuenca;https://www.google.com.br/maps/dir/Av.+la+Molina+473,+Ate+03,+Peru/La+Molina,+Peru/@-12.0697145,-76.9658264,14z/data=!3m1!4b1!4m13!4m12!1m5!1m1!1s0x9105c6f4e0c8b14d:0xa399d9db9f60834a!2m2!1d-76.9611063!2d-12.0613423!1m5!1m1!1s0x9105c72728f1e9c3:0xe561ad9645daa02c!2m2!1d-76.928234!2d-12.0820196?entry=ttu;-12.0697145,-76.9658264,14
1080, Caracas 1080, Distrito Capital, Venezuela;https://www.google.com.br/maps/dir/Av.+la+Molina+473,+Ate+03,+Peru/La+Molina,+Peru/@-12.0697145,-76.9658264,14z/data=!3m1!4b1!4m13!4m12!1m5!1m1!1s0x9105c6f4e0c8b14d:0xa399d9db9f60834a!2m2!1d-76.9611063!2d-12.0613423!1m5!1m1!1s0x9105c72728f1e9c3:0xe561ad9645daa02c!2m2!1d-76.928234!2d-12.0820196?entry=ttu;-12.0697145,-76.9658264,14
BLDG ALI KHODER RIVIERA JABAL MOHSEN, TRIPOLI, LÃBANOLÃ­banoBeirute;https://www.google.com.br/maps/dir/Av.+la+Molina+473,+Ate+03,+Peru/La+Molina,+Peru/@-12.0697145,-76.9658264,14z/data=!3m1!4b1!4m13!4m12!1m5!1m1!1s0x9105c6f4e0c8b14d:0xa399d9db9f60834a!2m2!1d-76.9611063!2d-12.0613423!1m5!1m1!1s0x9105c72728f1e9c3:0xe561ad9645daa02c!2m2!1d-76.928234!2d-12.0820196?entry=ttu;-12.0697145,-76.9658264,14
 SunCity Complex Block B, Canada Dry Street,, Shuwaikh, Kuwait, Shuwaikh 13017, KuwaitKuwaitShuwaikh;https://www.google.com.br/maps/dir/Av.+la+Molina+473,+Ate+03,+Peru/La+Molina,+Peru/@-12.0697145,-76.9658264,14z/data=!3m1!4b1!4m13!4m12!1m5!1m1!1s0x9105c6f4e0c8b14d:0xa399d9db9f60834a!2m2!1d-76.9611063!2d-12.0613423!1m5!1m1!1s0x9105c72728f1e9c3:0xe561ad9645daa02c!2m2!1d-76.928234!2d-12.0820196?entry=ttu;-12.0697145,-76.9658264,14
Road 3501, Building 21, Block 635, Ma'ameer, Sitra, Kingdom of BahrainØŒ Ma'ammer, BareinBahrainManama;https://www.google.com.br/maps/dir/Av.+la+Molina+473,+Ate+03,+Peru/La+Molina,+Peru/@-12.0697145,-76.9658264,14z/data=!3m1!4b1!4m13!4m12!1m5!1m1!1s0x9105c6f4e0c8b14d:0xa399d9db9f60834a!2m2!1d-76.9611063!2d-12.0613423!1m5!1m1!1s0x9105c72728f1e9c3:0xe561ad9645daa02c!2m2!1d-76.928234!2d-12.0820196?entry=ttu;-12.0697145,-76.9658264,14
Tiles And Tiles For Building Materials , Dammam , 32443Dammam ;https://www.google.com.br/maps/dir/Av.+la+Molina+473,+Ate+03,+Peru/La+Molina,+Peru/@-12.0697145,-76.9658264,14z/data=!3m1!4b1!4m13!4m12!1m5!1m1!1s0x9105c6f4e0c8b14d:0xa399d9db9f60834a!2m2!1d-76.9611063!2d-12.0613423!1m5!1m1!1s0x9105c72728f1e9c3:0xe561ad9645daa02c!2m2!1d-76.928234!2d-12.0820196?entry=ttu;-12.0697145,-76.9658264,14
Tiles And Tiles For Building Materials , Dammam , 32443Dammam ;https://www.google.com.br/maps/dir/Av.+la+Molina+473,+Ate+03,+Peru/La+Molina,+Peru/@-12.0697145,-76.9658264,14z/data=!3m1!4b1!4m13!4m12!1m5!1m1!1s0x9105c6f4e0c8b14d:0xa399d9db9f60834a!2m2!1d-76.9611063!2d-12.0613423!1m5!1m1!1s0x9105c72728f1e9c3:0xe561ad9645daa02c!2m2!1d-76.928234!2d-12.0820196?entry=ttu;-12.0697145,-76.9658264,14
Tiles And Tiles For Building Materials , Dammam , 32443Dammam ;https://www.google.com.br/maps/dir/Av.+la+Molina+473,+Ate+03,+Peru/La+Molina,+Peru/@-12.0697145,-76.9658264,14z/data=!3m1!4b1!4m13!4m12!1m5!1m1!1s0x9105c6f4e0c8b14d:0xa399d9db9f60834a!2m2!1d-76.9611063!2d-12.0613423!1m5!1m1!1s0x9105c72728f1e9c3:0xe561ad9645daa02c!2m2!1d-76.928234!2d-12.0820196?entry=ttu;-12.0697145,-76.9658264,14
Tiles And Tiles For Building Materials , Dammam , 32443Dammam ;https://www.google.com.br/maps/dir/Av.+la+Molina+473,+Ate+03,+Peru/La+Molina,+Peru/@-12.0697145,-76.9658264,14z/data=!3m1!4b1!4m13!4m12!1m5!1m1!1s0x9105c6f4e0c8b14d:0xa399d9db9f60834a!2m2!1d-76.9611063!2d-12.0613423!1m5!1m1!1s0x9105c72728f1e9c3:0xe561ad9645daa02c!2m2!1d-76.928234!2d-12.0820196?entry=ttu;-12.0697145,-76.9658264,14
Tiles And Tiles For Building Materials , Dammam , 32443Dammam ;https://www.google.com.br/maps/dir/Av.+la+Molina+473,+Ate+03,+Peru/La+Molina,+Peru/@-12.0697145,-76.9658264,14z/data=!3m1!4b1!4m13!4m12!1m5!1m1!1s0x9105c6f4e0c8b14d:0xa399d9db9f60834a!2m2!1d-76.9611063!2d-12.0613423!1m5!1m1!1s0x9105c72728f1e9c3:0xe561ad9645daa02c!2m2!1d-76.928234!2d-12.0820196?entry=ttu;-12.0697145,-76.9658264,14
Tiles And Tiles For Building Materials , Dammam , 32443Dammam ;https://www.google.com.br/maps/dir/Av.+la+Molina+473,+Ate+03,+Peru/La+Molina,+Peru/@-12.0697145,-76.9658264,14z/data=!3m1!4b1!4m13!4m12!1m5!1m1!1s0x9105c6f4e0c8b14d:0xa399d9db9f60834a!2m2!1d-76.9611063!2d-12.0613423!1m5!1m1!1s0x9105c72728f1e9c3:0xe561ad9645daa02c!2m2!1d-76.928234!2d-12.0820196?entry=ttu;-12.0697145,-76.9658264,14
Umm Al Thuoob Industrial Area, Umm Al QuwainEmirados Ãrabes UnidosDubai;https://www.google.com.br/maps/dir/Av.+la+Molina+473,+Ate+03,+Peru/La+Molina,+Peru/@-12.0697145,-76.9658264,14z/data=!3m1!4b1!4m13!4m12!1m5!1m1!1s0x9105c6f4e0c8b14d:0xa399d9db9f60834a!2m2!1d-76.9611063!2d-12.0613423!1m5!1m1!1s0x9105c72728f1e9c3:0xe561ad9645daa02c!2m2!1d-76.928234!2d-12.0820196?entry=ttu;-12.0697145,-76.9658264,14
685 Sheikh Zayed Rd - Dubai - Emirados Ãrabes UnidosEmirados Ãrabes UnidosDubai;https://www.google.com.br/maps/dir/Av.+la+Molina+473,+Ate+03,+Peru/La+Molina,+Peru/@-12.0697145,-76.9658264,14z/data=!3m1!4b1!4m13!4m12!1m5!1m1!1s0x9105c6f4e0c8b14d:0xa399d9db9f60834a!2m2!1d-76.9611063!2d-12.0613423!1m5!1m1!1s0x9105c72728f1e9c3:0xe561ad9645daa02c!2m2!1d-76.928234!2d-12.0820196?entry=ttu;-12.0697145,-76.9658264,14
Salah Al Din Street, Deira, Dubai, UAEEmirados Ãrabes UnidosDubai;https://www.google.com.br/maps/dir/Av.+la+Molina+473,+Ate+03,+Peru/La+Molina,+Peru/@-12.0697145,-76.9658264,14z/data=!3m1!4b1!4m13!4m12!1m5!1m1!1s0x9105c6f4e0c8b14d:0xa399d9db9f60834a!2m2!1d-76.9611063!2d-12.0613423!1m5!1m1!1s0x9105c72728f1e9c3:0xe561ad9645daa02c!2m2!1d-76.928234!2d-12.0820196?entry=ttu;-12.0697145,-76.9658264,14
XRHX+QHF, Amman, JordÃ¢niaAmman;https://www.google.com.br/maps/dir/Av.+la+Molina+473,+Ate+03,+Peru/La+Molina,+Peru/@-12.0697145,-76.9658264,14z/data=!3m1!4b1!4m13!4m12!1m5!1m1!1s0x9105c6f4e0c8b14d:0xa399d9db9f60834a!2m2!1d-76.9611063!2d-12.0613423!1m5!1m1!1s0x9105c72728f1e9c3:0xe561ad9645daa02c!2m2!1d-76.928234!2d-12.0820196?entry=ttu;-12.0697145,-76.9658264,14
AIRPORT ST. WAKRA ROADØŒ, Airport St, Doha, CatarDoha;https://www.google.com.br/maps/dir/Av.+la+Molina+473,+Ate+03,+Peru/La+Molina,+Peru/@-12.0697145,-76.9658264,14z/data=!3m1!4b1!4m13!4m12!1m5!1m1!1s0x9105c6f4e0c8b14d:0xa399d9db9f60834a!2m2!1d-76.9611063!2d-12.0613423!1m5!1m1!1s0x9105c72728f1e9c3:0xe561ad9645daa02c!2m2!1d-76.928234!2d-12.0820196?entry=ttu;-12.0697145,-76.9658264,14
6FW8+5VR, Salwa Rd, Doha, CatarQatarDoha;https://www.google.com.br/maps/dir/Av.+la+Molina+473,+Ate+03,+Peru/La+Molina,+Peru/@-12.0697145,-76.9658264,14z/data=!3m1!4b1!4m13!4m12!1m5!1m1!1s0x9105c6f4e0c8b14d:0xa399d9db9f60834a!2m2!1d-76.9611063!2d-12.0613423!1m5!1m1!1s0x9105c72728f1e9c3:0xe561ad9645daa02c!2m2!1d-76.928234!2d-12.0820196?entry=ttu;-12.0697145,-76.9658264,14
Villa 96, Block 236, Way 246 18th November St, Muscat, OmÃ£OmÃ£Muscat;https://www.google.com.br/maps/dir/Av.+la+Molina+473,+Ate+03,+Peru/La+Molina,+Peru/@-12.0697145,-76.9658264,14z/data=!3m1!4b1!4m13!4m12!1m5!1m1!1s0x9105c6f4e0c8b14d:0xa399d9db9f60834a!2m2!1d-76.9611063!2d-12.0613423!1m5!1m1!1s0x9105c72728f1e9c3:0xe561ad9645daa02c!2m2!1d-76.928234!2d-12.0820196?entry=ttu;-12.0697145,-76.9658264,14
eusebio Ayala esq. Charles GaulleParaguaiAsunciÃ³n;https://www.google.com.br/maps/dir/Av.+la+Molina+473,+Ate+03,+Peru/La+Molina,+Peru/@-12.0697145,-76.9658264,14z/data=!3m1!4b1!4m13!4m12!1m5!1m1!1s0x9105c6f4e0c8b14d:0xa399d9db9f60834a!2m2!1d-76.9611063!2d-12.0613423!1m5!1m1!1s0x9105c72728f1e9c3:0xe561ad9645daa02c!2m2!1d-76.928234!2d-12.0820196?entry=ttu;-12.0697145,-76.9658264,14
Sobre Ruta Transchaco - Shop El Portal M.R.A. ParaguaiMariano Roque Alonso;https://www.google.com.br/maps/dir/Av.+la+Molina+473,+Ate+03,+Peru/La+Molina,+Peru/@-12.0697145,-76.9658264,14z/data=!3m1!4b1!4m13!4m12!1m5!1m1!1s0x9105c6f4e0c8b14d:0xa399d9db9f60834a!2m2!1d-76.9611063!2d-12.0613423!1m5!1m1!1s0x9105c72728f1e9c3:0xe561ad9645daa02c!2m2!1d-76.928234!2d-12.0820196?entry=ttu;-12.0697145,-76.9658264,14
Avda. Molas Lopez 2751ParaguaiAsunciÃ³n;https://www.google.com.br/maps/dir/Av.+la+Molina+473,+Ate+03,+Peru/La+Molina,+Peru/@-12.0697145,-76.9658264,14z/data=!3m1!4b1!4m13!4m12!1m5!1m1!1s0x9105c6f4e0c8b14d:0xa399d9db9f60834a!2m2!1d-76.9611063!2d-12.0613423!1m5!1m1!1s0x9105c72728f1e9c3:0xe561ad9645daa02c!2m2!1d-76.928234!2d-12.0820196?entry=ttu;-12.0697145,-76.9658264,14
Cerro Cora esq. Valeriano ZeballosParaguaiLuque;https://www.google.com.br/maps/dir/Av.+la+Molina+473,+Ate+03,+Peru/La+Molina,+Peru/@-12.0697145,-76.9658264,14z/data=!3m1!4b1!4m13!4m12!1m5!1m1!1s0x9105c6f4e0c8b14d:0xa399d9db9f60834a!2m2!1d-76.9611063!2d-12.0613423!1m5!1m1!1s0x9105c72728f1e9c3:0xe561ad9645daa02c!2m2!1d-76.928234!2d-12.0820196?entry=ttu;-12.0697145,-76.9658264,14
avda. Fdo de la Mora c/ Cacique LambareParaguaiMojon;https://www.google.com.br/maps/dir/Av.+la+Molina+473,+Ate+03,+Peru/La+Molina,+Peru/@-12.0697145,-76.9658264,14z/data=!3m1!4b1!4m13!4m12!1m5!1m1!1s0x9105c6f4e0c8b14d:0xa399d9db9f60834a!2m2!1d-76.9611063!2d-12.0613423!1m5!1m1!1s0x9105c72728f1e9c3:0xe561ad9645daa02c!2m2!1d-76.928234!2d-12.0820196?entry=ttu;-12.0697145,-76.9658264,14
Avda. Eusebio Ayala NÂ° 9026ParaguaiAsunciÃ³n;https://www.google.com.br/maps/dir/Av.+la+Molina+473,+Ate+03,+Peru/La+Molina,+Peru/@-12.0697145,-76.9658264,14z/data=!3m1!4b1!4m13!4m12!1m5!1m1!1s0x9105c6f4e0c8b14d:0xa399d9db9f60834a!2m2!1d-76.9611063!2d-12.0613423!1m5!1m1!1s0x9105c72728f1e9c3:0xe561ad9645daa02c!2m2!1d-76.928234!2d-12.0820196?entry=ttu;-12.0697145,-76.9658264,14
Avda. Artigas NÂ° 137ParaguaiAsunciÃ³n;https://www.google.com.br/maps/dir/Av.+la+Molina+473,+Ate+03,+Peru/La+Molina,+Peru/@-12.0697145,-76.9658264,14z/data=!3m1!4b1!4m13!4m12!1m5!1m1!1s0x9105c6f4e0c8b14d:0xa399d9db9f60834a!2m2!1d-76.9611063!2d-12.0613423!1m5!1m1!1s0x9105c72728f1e9c3:0xe561ad9645daa02c!2m2!1d-76.928234!2d-12.0820196?entry=ttu;-12.0697145,-76.9658264,14
Avda. Ruta a Ã‘emby NÂ° 206 - Acesso SurParaguaiAsunciÃ³n;https://www.google.com.br/maps/dir/Av.+la+Molina+473,+Ate+03,+Peru/La+Molina,+Peru/@-12.0697145,-76.9658264,14z/data=!3m1!4b1!4m13!4m12!1m5!1m1!1s0x9105c6f4e0c8b14d:0xa399d9db9f60834a!2m2!1d-76.9611063!2d-12.0613423!1m5!1m1!1s0x9105c72728f1e9c3:0xe561ad9645daa02c!2m2!1d-76.928234!2d-12.0820196?entry=ttu;-12.0697145,-76.9658264,14
44 Cavan Road, Dry Creek, SA 5094ADELAIDE;https://www.google.com.br/maps/dir/Av.+la+Molina+473,+Ate+03,+Peru/La+Molina,+Peru/@-12.0697145,-76.9658264,14z/data=!3m1!4b1!4m13!4m12!1m5!1m1!1s0x9105c6f4e0c8b14d:0xa399d9db9f60834a!2m2!1d-76.9611063!2d-12.0613423!1m5!1m1!1s0x9105c72728f1e9c3:0xe561ad9645daa02c!2m2!1d-76.928234!2d-12.0820196?entry=ttu;-12.0697145,-76.9658264,14
1-25 Dohertys Road, Laverton North, Vic 3026MELBOURNE;https://www.google.com.br/maps/dir/Av.+la+Molina+473,+Ate+03,+Peru/La+Molina,+Peru/@-12.0697145,-76.9658264,14z/data=!3m1!4b1!4m13!4m12!1m5!1m1!1s0x9105c6f4e0c8b14d:0xa399d9db9f60834a!2m2!1d-76.9611063!2d-12.0613423!1m5!1m1!1s0x9105c72728f1e9c3:0xe561ad9645daa02c!2m2!1d-76.928234!2d-12.0820196?entry=ttu;-12.0697145,-76.9658264,14
314 Selby Street, Osborne Park, WA 6017FREMANTLE;https://www.google.com.br/maps/dir/Av.+la+Molina+473,+Ate+03,+Peru/La+Molina,+Peru/@-12.0697145,-76.9658264,14z/data=!3m1!4b1!4m13!4m12!1m5!1m1!1s0x9105c6f4e0c8b14d:0xa399d9db9f60834a!2m2!1d-76.9611063!2d-12.0613423!1m5!1m1!1s0x9105c72728f1e9c3:0xe561ad9645daa02c!2m2!1d-76.928234!2d-12.0820196?entry=ttu;-12.0697145,-76.9658264,14
27 Babarra Street, Stafford, QLD 4053BRISBANE;https://www.google.com.br/maps/dir/Av.+la+Molina+473,+Ate+03,+Peru/La+Molina,+Peru/@-12.0697145,-76.9658264,14z/data=!3m1!4b1!4m13!4m12!1m5!1m1!1s0x9105c6f4e0c8b14d:0xa399d9db9f60834a!2m2!1d-76.9611063!2d-12.0613423!1m5!1m1!1s0x9105c72728f1e9c3:0xe561ad9645daa02c!2m2!1d-76.928234!2d-12.0820196?entry=ttu;-12.0697145,-76.9658264,14
7 George Bourke Drive, Mt Wellington, AUCKLAND, NZ 1642AUCKLAND;https://www.google.com.br/maps/dir/Av.+la+Molina+473,+Ate+03,+Peru/La+Molina,+Peru/@-12.0697145,-76.9658264,14z/data=!3m1!4b1!4m13!4m12!1m5!1m1!1s0x9105c6f4e0c8b14d:0xa399d9db9f60834a!2m2!1d-76.9611063!2d-12.0613423!1m5!1m1!1s0x9105c72728f1e9c3:0xe561ad9645daa02c!2m2!1d-76.928234!2d-12.0820196?entry=ttu;-12.0697145,-76.9658264,14
